onset,duration,period,division,bar,beat,tatum,beat_duration,signature,pitch,loud_max,loud_median,phrase_id,phrase_begin,chorus_id,chord,form,idea
2.95328798186,0.759002267574,4,2,1,4,2,0.199070294785,"""4/4""",72,0.736962024553,69.3965503302,1,1,1,NC,A1,lick
3.77179138322,0.087074829932,4,2,2,4,2,0.203514739229,"""4/4""",74,0.97342828189,71.8665156982,1,0,1,NC,A1,lick
3.98802721088,0.309115646259,4,2,3,1,2,0.21433106576,"""4/4""",67,0.703186636248,62.4072404004,1,0,1,NC,A1,lick
4.31020408163,1.04054421769,4,1,3,3,1,0.202630385488,"""4/4""",72,0.959834673652,70.1911572987,1,0,1,NC,A1,lick
5.61922902494,0.307664399093,4,2,5,1,2,0.188344671202,"""4/4""",77,1.17478409433,75.2553944512,1,0,1,Fsus7913,A1,#lick
5.9326984127,0.470204081633,4,1,5,3,1,0.197664399093,"""4/4""",70,0.736392457573,62.1089024207,1,0,1,Fsus7913,A1,#lick
6.44789115646,0.333786848073,4,2,6,1,2,0.194399092971,"""4/4""",72,0.574970319335,64.8065901007,1,0,1,Fsus7913,A1,#lick
6.829569161,0.0827210884354,4,4,6,3,2,0.20410430839,"""4/4""",76,0.838761994952,71.6489916115,1,0,1,Fsus7913,A1,#lick
6.91954648526,0.0406349206349,4,4,6,3,4,0.20410430839,"""4/4""",74,0.153094170632,59.8958996099,1,0,1,Fsus7913,A1,#lick
7.23979591837,0.273469387755,4,2,7,1,2,0.204535147392,"""4/4""",67,0.32012306081,63.629750849,1,0,1,F7,A1,#lick
7.53469387755,1.14213151927,4,2,7,2,2,0.207823129252,"""4/4""",72,0.843378395912,68.2357118401,1,0,1,F7,A1,#lick
8.86131519274,0.0812698412698,4,4,9,1,2,0.204285714286,"""4/4""",66,0.517483581542,69.0059895116,1,0,1,Ebj7911#,A1,lick
8.9556462585,0.0841723356009,4,4,9,1,4,0.204285714286,"""4/4""",68,0.413803515514,65.6268551836,1,0,1,Ebj7911#,A1,lick
9.0485260771,0.0943310657596,4,4,9,2,2,0.199070294785,"""4/4""",70,0.855817620809,72.0185147226,1,0,1,Ebj7911#,A1,lick
9.15736961451,0.0711111111111,4,4,9,2,4,0.199070294785,"""4/4""",66,0.375231310351,66.8520350368,1,0,1,Ebj7911#,A1,lick
9.25750566893,0.116099773243,4,1,9,3,1,0.197823129252,"""4/4""",68,0.712786455769,70.9174603474,1,0,1,Ebj7911#,A1,lick
9.69142857143,0.0783673469388,4,2,10,1,2,0.204195011338,"""4/4""",65,0.897355504309,72.9351043737,1,0,1,Ebj7911#,A1,#-lick
9.79446712018,0.0711111111111,4,3,10,2,1,0.198140589569,"""4/4""",67,0.655165313594,69.7005784487,1,0,1,Ebj7911#,A1,#-lick
9.88009070295,0.0841723356009,4,3,10,2,2,0.198140589569,"""4/4""",69,0.797134322119,71.1454671808,1,0,1,Ebj7911#,A1,#-lick
9.96716553288,0.0798185941043,4,3,10,2,3,0.198140589569,"""4/4""",65,0.596095087931,68.5604363863,1,0,1,Ebj7911#,A1,#-lick
10.0760090703,0.0986848072562,4,2,10,3,2,0.204263038549,"""4/4""",67,0.705117330883,69.1741467181,1,0,1,Ebj7911#,A1,#-lick
10.300952381,0.296054421769,4,2,10,4,2,0.2079138322,"""4/4""",64,0.759767231842,71.9270859769,1,0,1,Ebj7911#,A1,#-lick
10.6042630385,0.0769160997732,4,2,11,2,1,0.207664399093,"""4/4""",66,0.553033335456,69.274061219,1,0,1,Ebj7911#,A1,#-lick
10.7087528345,0.0812698412698,4,2,11,2,2,0.207664399093,"""4/4""",67,0.753486155038,69.5030379155,1,0,1,Ebj7911#,A1,#-lick
10.8219501134,0.0783673469388,4,2,11,3,1,0.203174603175,"""4/4""",64,0.529005878244,67.5836915729,1,0,1,Ebj7911#,A1,#-lick
10.9104761905,0.0798185941043,4,2,11,3,2,0.203174603175,"""4/4""",66,0.701977556018,70.1886700814,1,0,1,Ebj7911#,A1,#-lick
11.2819954649,0.0841723356009,4,4,12,1,2,0.208639455782,"""4/4""",63,0.693709980913,68.7514891995,1,0,1,Ebj7911#,A1,#-lick
11.3763265306,0.0783673469388,4,4,12,1,4,0.208639455782,"""4/4""",65,0.860315510552,72.4050531592,1,0,1,Ebj7911#,A1,#-lick
11.4967800454,0.0565986394558,4,3,12,2,2,0.204195011338,"""4/4""",67,0.485960866344,61.2641598445,1,0,1,Ebj7911#,A1,#-lick
11.5795011338,0.0624036281179,4,3,12,2,3,0.204195011338,"""4/4""",63,0.501102456395,68.6648665038,1,0,1,Ebj7911#,A1,#-lick
11.7115646259,0.133514739229,4,2,12,3,2,0.208072562358,"""4/4""",65,0.955125647279,73.7007300177,1,0,1,Ebj7911#,A1,#-lick
12.4807256236,0.32798185941,4,2,13,3,2,0.213401360544,"""4/4""",77,1.18380245345,76.1035711829,2,1,2,Fsus7913,A1,melody
12.8116099773,0.92589569161,4,4,13,4,4,0.208775510204,"""4/4""",79,1.05447373691,73.6524225661,2,0,2,Fsus7913,A1,melody
13.7549206349,0.339591836735,4,2,15,1,2,0.203741496599,"""4/4""",80,1.06604273058,73.5457785387,2,0,2,Fsus7913,A1,melody
14.1046712018,0.336689342404,4,1,15,3,1,0.214784580499,"""4/4""",77,1.10706543011,75.0388554398,2,0,2,Fsus7913,A1,melody
14.44861678,0.31201814059,4,2,15,4,2,0.200136054422,"""4/4""",79,1.03684049196,74.4265444191,2,0,2,Fsus7913,A1,melody
14.7765986395,0.2989569161,4,2,16,2,2,0.199047619048,"""4/4""",75,0.914642406801,72.5980507883,2,0,2,Gbsus7913,A1,melody
15.0857142857,0.0740136054422,4,1,16,4,1,0.198843537415,"""4/4""",72,0.752895738832,67.3118620894,2,0,2,Gbsus7913,A1,lick
15.306122449,0.197369614512,4,1,17,1,1,0.201247165533,"""4/4""",74,0.877062626207,60.8778244413,2,0,2,Fsus7913,A1,lick
15.5385034014,0.177052154195,4,1,17,2,1,0.191360544218,"""4/4""",74,0.856377511198,71.7552653144,2,0,2,Fsus7913,A1,lick
15.7285714286,0.309115646259,4,1,17,3,1,0.198004535147,"""4/4""",70,0.814918956854,71.0174154846,2,0,2,Fsus7913,A1,lick
16.0530612245,0.44843537415,4,4,17,4,4,0.199342403628,"""4/4""",72,0.927561072172,72.5849367791,2,0,2,Fsus7913,A1,lick
16.5102040816,0.132653061224,4,1,18,3,1,0.191814058957,"""4/4""",67,0.534119521201,59.8188789144,2,0,2,Fsus7913,A1,#-lick
16.7510204082,0.19693877551,4,2,18,4,2,0.198888888889,"""4/4""",70,0.919048569062,73.5045519802,2,0,2,Fsus7913,A1,#-lick
16.9665306122,0.2989569161,4,2,19,1,2,0.203265306122,"""4/4""",65,0.941843969263,70.2135732547,2,0,2,F7,A1,#-lick
17.2829024943,0.304761904762,4,1,19,3,1,0.208775510204,"""4/4""",67,0.837421987087,71.5817357808,2,0,2,Eb7,A1,#-lick
17.6268480726,0.124807256236,4,2,19,4,2,0.214263038549,"""4/4""",63,0.276520951614,56.9297876132,2,0,2,Eb7,A1,#-lick
17.8306122449,0.557142857143,4,2,20,1,2,0.208276643991,"""4/4""",65,0.934672156493,72.1066609021,2,0,2,D79,A1,#-lick
18.5295238095,0.043537414966,4,4,21,1,1,0.198662131519,"""4/4""",70,0.686244834994,70.7090774496,2,0,2,Ebj7911#,A1,lick
18.5897505669,0.0827210884354,4,4,21,1,2,0.198662131519,"""4/4""",68,0.72331257175,70.9386253981,2,0,2,Ebj7911#,A1,lick
18.6855328798,0.0725623582766,4,4,21,1,4,0.198662131519,"""4/4""",66,0.777381898037,68.9794680325,2,0,2,Ebj7911#,A1,lick
18.7747845805,0.0377324263039,4,4,21,2,2,0.21410430839,"""4/4""",67,0.28423102668,65.7281804648,2,0,2,Ebj7911#,A1,lick
18.8212244898,0.0571428571429,4,4,21,2,3,0.21410430839,"""4/4""",68,0.531223177463,67.4271529983,2,0,2,Ebj7911#,A1,lick
18.88,0.187936507937,4,4,21,2,4,0.21410430839,"""4/4""",70,0.898285853496,73.2642140841,2,0,2,Ebj7911#,A1,lick
19.0895238095,0.0520634920635,4,4,21,3,4,0.187959183673,"""4/4""",66,0.888688236849,69.7023290618,2,0,2,Ebj7911#,A1,lick
19.1619047619,0.0787301587302,4,2,21,4,1,0.218752834467,"""4/4""",68,0.596381910367,66.9918192344,2,0,2,Ebj7911#,A1,lick
19.28,0.172698412698,4,2,21,4,2,0.218752834467,"""4/4""",70,0.793048053161,72.0123539307,2,0,2,Ebj7911#,A1,lick
19.4819047619,0.0914285714286,4,2,22,1,2,0.19387755102,"""4/4""",65,0.662803687996,69.5073682257,2,0,2,Ebj7911#,A1,lick
19.6355555556,0.0863492063492,4,2,22,2,2,0.189138321995,"""4/4""",67,0.682211356705,69.1902658426,2,0,2,Ebj7911#,A1,lick
19.7561904762,0.549841269841,4,1,22,3,1,0.218163265306,"""4/4""",69,0.710732852733,69.0378992287,2,0,2,Ebj7911#,A1,lick
20.3250793651,0.0736507936508,4,3,23,2,1,0.214172335601,"""4/4""",68,0.493937313006,67.4537407285,2,0,2,Ebj7911#,A1,lick
20.4342857143,0.0571428571429,4,3,23,2,2,0.214172335601,"""4/4""",67,0.564999286278,68.0896726753,2,0,2,Ebj7911#,A1,lick
20.5257142857,0.496507936508,4,3,23,2,3,0.214172335601,"""4/4""",64,0.596053399723,69.1500352672,2,0,2,Ebj7911#,A1,lick
21.04,0.0380952380952,4,3,24,1,2,0.197800453515,"""4/4""",62,-0.0105604874398,63.9938883143,2,0,2,Ebj7911#,A1,lick
21.106031746,0.354285714286,4,3,24,1,3,0.197800453515,"""4/4""",63,0.752452212425,68.6502358432,2,0,2,Ebj7911#,A1,lick
21.4768253968,0.146031746032,4,2,24,3,2,0.203469387755,"""4/4""",65,0.671345414863,69.8961969307,2,0,2,Ebj7911#,A1,lick
23.0819047619,0.08,4,2,26,3,1,0.208820861678,"""4/4""",73,0.90668034527,72.35699861,3,1,3,Fsus7913,A1,line_w
23.1898412698,0.0698412698413,4,2,26,3,2,0.208820861678,"""4/4""",74,0.605148955252,67.583979479,3,0,3,Fsus7913,A1,line_w
23.2761904762,0.087619047619,4,2,26,4,1,0.203401360544,"""4/4""",77,0.910148143882,73.129865292,3,0,3,Fsus7913,A1,line_w
23.373968254,0.0939682539683,4,2,26,4,2,0.203401360544,"""4/4""",76,0.789943856027,72.0192939114,3,0,3,Fsus7913,A1,line_w
23.4895238095,0.0520634920635,4,4,27,1,2,0.208707482993,"""4/4""",75,0.516423536257,68.6255795945,3,0,3,Fsus7913,A1,line_w
23.5504761905,0.0355555555556,4,4,27,1,3,0.208707482993,"""4/4""",73,0.0783297394926,61.6591471302,3,0,3,Fsus7913,A1,line_w
23.5923809524,0.0914285714286,4,4,27,1,4,0.208707482993,"""4/4""",71,0.482721839418,67.80642592,3,0,3,Fsus7913,A1,line_w
23.6959637188,0.13641723356,4,1,27,2,1,0.194512471655,"""4/4""",74,0.850805078579,70.5981550792,3,0,3,Fsus7913,A1,line_w
23.8463492063,0.0761904761905,4,3,27,3,1,0.207641723356,"""4/4""",71,0.666644603685,69.5221840287,3,0,3,Fsus7913,A1,line_w
23.9301587302,0.0901587301587,4,3,27,3,2,0.207641723356,"""4/4""",72,0.859008518534,69.076817295,3,0,3,Fsus7913,A1,line_w
24.0266666667,0.0419047619048,4,3,27,3,3,0.207641723356,"""4/4""",73,0.598823363239,69.4093413966,3,0,3,Fsus7913,A1,line_w
24.0723809524,0.0330158730159,4,4,27,4,1,0.189115646259,"""4/4""",70,0.480467488333,68.3493424134,3,0,3,Fsus7913,A1,line_w
24.1295238095,0.0571428571429,4,4,27,4,2,0.189115646259,"""4/4""",69,0.413379539524,67.5169849892,3,0,3,Fsus7913,A1,line_w
24.2171428571,0.0292063492063,4,4,27,4,4,0.189115646259,"""4/4""",73,0.539130917276,67.8732099422,3,0,3,Fsus7913,A1,line_w
24.2628571429,0.0914285714286,4,2,28,1,1,0.200839002268,"""4/4""",72,0.871356927104,71.7407653313,3,0,3,Gbsus7913,A1,line_w
24.3657142857,0.0914285714286,4,2,28,1,2,0.200839002268,"""4/4""",71,0.723614137833,69.7305869644,3,0,3,Gbsus7913,A1,line_w
24.4787301587,0.0736507936508,4,2,28,2,1,0.2110430839,"""4/4""",69,0.666746737797,68.5861085006,3,0,3,Gbsus7913,A1,line_w
24.56,0.0850793650794,4,2,28,2,2,0.2110430839,"""4/4""",66,0.465781250197,67.466486474,3,0,3,Gbsus7913,A1,line_w
24.6857142857,0.0685714285714,4,2,28,3,1,0.208888888889,"""4/4""",64,0.210670551558,65.93071665,3,0,3,Gbsus7913,A1,line_w
24.7682539683,0.072380952381,4,2,28,3,2,0.208888888889,"""4/4""",65,0.558351682254,68.5620744917,3,0,3,Gbsus7913,A1,line_w
24.8612244898,0.0449886621315,4,3,28,4,1,0.203469387755,"""4/4""",64,0.793250895661,63.2361686373,3,0,3,Gbsus7913,A1,line_w
24.9224489796,0.113015873016,4,3,28,4,2,0.203469387755,"""4/4""",62,0.309366989481,64.2356015397,3,0,3,Gbsus7913,A1,line_w
25.0717460317,0.0520634920635,4,4,29,1,1,0.199024943311,"""4/4""",65,0.799329064466,72.5872006193,3,0,3,Gbsus7913,A1,line_w
25.1695238095,0.0457142857143,4,4,29,1,3,0.199024943311,"""4/4""",67,0.281474902646,65.9745752735,3,0,3,Fsus7913,A1,line_w
25.2419047619,0.0939682539683,4,4,29,1,4,0.199024943311,"""4/4""",65,0.484529293187,68.6267448523,3,0,3,Fsus7913,A1,line_w
25.3955555556,0.0469841269841,4,4,29,2,3,0.213219954649,"""4/4""",68,0.0992667670134,63.0017876353,3,0,3,Fsus7913,A1,line_w
25.4432653061,0.03410430839,4,4,29,2,4,0.213219954649,"""4/4""",74,0.408516432044,64.9106677825,3,0,3,Fsus7913,A1,line_w
25.4831746032,0.0420861678005,4,3,29,3,1,0.208616780045,"""4/4""",72,0.582611828973,69.0859352918,3,0,3,Fsus7913,A1,line_w
25.5419501134,0.0551473922902,4,3,29,3,2,0.208616780045,"""4/4""",68,-0.159281906531,61.3480846967,3,0,3,Fsus7913,A1,line_w
25.608707483,0.0783673469388,4,3,29,3,3,0.208616780045,"""4/4""",66,0.0694646552413,58.4808754053,3,0,3,Fsus7913,A1,line_w
25.7523809524,0.0790929705215,4,4,29,4,2,0.197551020408,"""4/4""",70,0.793261148558,72.8268443812,3,0,3,Fsus7913,A1,line_w
25.8423582766,0.0957823129252,4,4,29,4,4,0.197551020408,"""4/4""",69,0.6723965865,70.3799841341,3,0,3,Fsus7913,A1,line_w
25.9577324263,0.0848979591837,4,4,30,1,2,0.214807256236,"""4/4""",68,0.534222095389,68.7865140859,3,0,3,Fsus7913,A1,line_w
26.0542403628,0.111020408163,4,4,30,1,4,0.214807256236,"""4/4""",67,0.729730441735,69.5579386188,3,0,3,Fsus7913,A1,line_w
26.1841269841,0.0595011337868,4,2,30,2,2,0.198684807256,"""4/4""",64,0.33245000285,65.2876426401,3,0,3,Fsus7913,A1,line_w
26.3186848073,0.132199546485,4,3,30,3,1,0.203469387755,"""4/4""",67,1.01249951205,69.8803063959,3,0,3,Fsus7913,A1,line_w
26.4638548753,0.0648526077098,4,3,30,3,3,0.203469387755,"""4/4""",64,0.663971867405,69.1144861667,3,0,3,Fsus7913,A1,line_w
26.5396825397,0.104489795918,4,2,30,4,1,0.199160997732,"""4/4""",61,0.402510331526,66.494518559,3,0,3,Fsus7913,A1,line_w
26.6536054422,0.0333786848073,4,2,30,4,2,0.199160997732,"""4/4""",59,-0.00999375889818,63.3227117357,3,0,3,Fsus7913,A1,line_w
26.7116553288,0.0827210884354,4,3,31,1,1,0.207528344671,"""4/4""",61,-0.0898721945998,61.8793897122,3,0,3,Fsus7913,A1,line_w
26.8487981859,0.03410430839,4,3,31,1,3,0.207528344671,"""4/4""",62,-0.375936716021,59.1474639996,3,0,3,F7,A1,line_w
26.8981405896,0.0609523809524,4,2,31,2,1,0.194671201814,"""4/4""",63,-0.22357837013,58.0934116976,3,0,3,F7,A1,line_w
27.0200453515,0.0907029478458,4,2,31,2,2,0.194671201814,"""4/4""",67,0.693960988374,70.5357461452,3,0,3,F7,A1,line_w
27.1325170068,0.0783673469388,4,2,31,3,1,0.203129251701,"""4/4""",65,0.449922884856,64.2870316824,3,0,3,Eb7,A1,line_w
27.2239455782,0.0950566893424,4,2,31,3,2,0.203129251701,"""4/4""",67,0.634801010976,69.2743964272,3,0,3,Eb7,A1,line_w
27.3429478458,0.0624036281179,4,2,31,4,1,0.210204081633,"""4/4""",68,0.145328547541,58.4364626088,3,0,3,Eb7,A1,line_w
27.4423582766,0.0551473922902,4,2,31,4,2,0.210204081633,"""4/4""",69,0.0827008813934,62.6607211483,3,0,3,Eb7,A1,line_w
27.5207256236,0.103038548753,4,2,32,1,1,0.214285714286,"""4/4""",70,0.895185804732,72.2910193223,3,0,3,Eb7,A1,line_w
27.6390022676,0.0907029478458,4,2,32,1,2,0.214285714286,"""4/4""",68,0.557416515228,67.87953538,3,0,3,D79,A1,line_w
27.7449433107,0.0747392290249,4,2,32,2,1,0.216530612245,"""4/4""",69,0.663669702536,70.4956194591,3,0,3,D79,A1,line_w
27.84,0.0819954648526,4,2,32,2,2,0.216530612245,"""4/4""",67,0.514157436158,67.5256695353,3,0,3,D79,A1,line_w
27.9551020408,0.0986848072562,4,2,32,3,1,0.198639455782,"""4/4""",66,0.916537016409,68.744493175,3,0,3,D79,A1,line_w
28.0598639456,0.0769160997732,4,2,32,3,2,0.198639455782,"""4/4""",69,0.722331025866,68.3879056135,3,0,3,D79,A1,line_w
28.1788662132,0.0297505668934,4,4,32,4,1,0.188321995465,"""4/4""",66,0.0364296116072,63.7713748353,3,0,3,D79,A1,line_w
28.2093424036,0.0326530612245,4,4,32,4,2,0.188321995465,"""4/4""",67,-0.0323596874453,62.6146160707,3,0,3,D79,A1,line_w
28.2586848073,0.0892517006803,4,4,32,4,3,0.188321995465,"""4/4""",69,0.543242720289,69.2347253643,3,0,3,D79,A1,line_w
28.3653514739,0.0841723356009,4,2,33,1,1,0.198775510204,"""4/4""",67,0.723914974011,69.756212597,3,0,3,Ebj7911#,A1,line_w
28.4756462585,0.104489795918,4,2,33,1,2,0.198775510204,"""4/4""",69,0.681470195063,69.917669693,3,0,3,Ebj7911#,A1,line_w
28.589569161,0.0624036281179,4,2,33,2,1,0.203605442177,"""4/4""",70,0.397988087084,67.0313171412,3,0,3,Ebj7911#,A1,line_w
28.6585034014,0.0921541950113,4,2,33,2,2,0.203605442177,"""4/4""",72,0.197440593924,64.1413575049,3,0,3,Ebj7911#,A1,line_w
28.7550113379,0.113197278912,4,2,33,3,1,0.208480725624,"""4/4""",74,0.764406140879,70.3519715478,3,0,3,Ebj7911#,A1,line_w
28.8827210884,0.0740136054422,4,2,33,3,2,0.208480725624,"""4/4""",73,0.507726028138,69.3180302076,3,0,3,Ebj7911#,A1,line_w
28.9661678005,0.101587301587,4,2,33,4,1,0.194716553288,"""4/4""",72,0.521191754062,68.2336766416,3,0,3,Ebj7911#,A1,line_w
29.0757369615,0.0848979591837,4,2,33,4,2,0.194716553288,"""4/4""",71,0.47611466553,68.7337700375,3,0,3,Ebj7911#,A1,line_w
29.180952381,0.11029478458,4,2,34,1,1,0.198321995465,"""4/4""",70,0.581290519184,67.323802396,3,0,3,Ebj7911#,A1,line_w
29.2992290249,0.0645804988662,4,2,34,1,2,0.198321995465,"""4/4""",68,0.14782450163,64.013253414,3,0,3,Ebj7911#,A1,line_w
29.3746938776,0.0725623582766,4,2,34,2,1,0.197959183673,"""4/4""",67,0.284809154289,65.5873005818,3,0,3,Ebj7911#,A1,line_w
29.4610430839,0.0740136054422,4,2,34,2,2,0.197959183673,"""4/4""",65,0.0563691554965,63.9645120082,3,0,3,Ebj7911#,A1,line_w
29.5744897959,0.0959183673469,4,3,34,3,1,0.208843537415,"""4/4""",64,0.666657337159,65.3937834358,3,0,3,Ebj7911#,A1,line_w
29.707755102,0.0972335600907,4,3,34,3,3,0.208843537415,"""4/4""",62,0.125930042645,62.67926242,3,0,3,Ebj7911#,A1,line_w
29.8282086168,0.0754648526077,4,2,34,4,2,0.193922902494,"""4/4""",61,-0.573721865499,56.9678759211,3,0,3,Ebj7911#,A1,line_w
30.0770975057,0.0783673469388,4,2,35,1,2,0.208571428571,"""4/4""",67,0.585165664469,68.3527024748,3,0,3,Ebj7911#,A1,line_w
30.2062585034,0.0667573696145,4,4,35,2,2,0.188412698413,"""4/4""",65,0.0767444842071,61.4044352733,3,0,3,Ebj7911#,A1,line_w
30.3005895692,0.087074829932,4,4,35,2,4,0.188412698413,"""4/4""",67,0.0971066272175,64.0788838037,3,0,3,Ebj7911#,A1,line_w
30.4094331066,0.0645804988662,4,4,35,3,2,0.204353741497,"""4/4""",65,0.852074251629,72.6298836778,3,0,3,Ebj7911#,A1,line_w
30.509569161,0.03410430839,4,4,35,3,4,0.204353741497,"""4/4""",60,-0.371553239708,60.3749745807,3,0,3,Ebj7911#,A1,line_w
31.5319727891,0.0921541950113,4,4,36,4,4,0.194376417234,"""4/4""",77,1.00139781903,74.6445262139,4,1,3,Ebj7911#,A1,lick
31.6379138322,0.0841723356009,4,4,37,1,2,0.208752834467,"""4/4""",78,1.11380871113,73.4721583661,4,0,4,Fsus7913,A1,lick
31.7438548753,0.0689342403628,4,4,37,1,4,0.208752834467,"""4/4""",76,1.09265323538,74.1550519873,4,0,4,Fsus7913,A1,lick
31.8214965986,0.099410430839,4,2,37,2,1,0.20335600907,"""4/4""",77,1.0947639839,75.4779869305,4,0,4,Fsus7913,A1,lick
31.925260771,0.0747392290249,4,2,37,2,2,0.20335600907,"""4/4""",78,1.08857136941,75.0307429491,4,0,4,Fsus7913,A1,lick
32.0050793651,0.0355555555556,4,4,37,3,1,0.208594104308,"""4/4""",77,0.746936726396,69.1055788349,4,0,4,Fsus7913,A1,lick
32.0507936508,0.06820861678,4,4,37,3,2,0.208594104308,"""4/4""",76,0.994133660613,74.2738327704,4,0,4,Fsus7913,A1,lick
32.1502040816,0.0631292517007,4,4,37,3,4,0.208594104308,"""4/4""",74,0.762844342774,71.6636288476,4,0,4,Fsus7913,A1,lick
32.2242176871,0.077641723356,4,2,37,4,1,0.214217687075,"""4/4""",75,0.664972430817,69.8663163158,4,0,4,Fsus7913,A1,lick
32.3091156463,0.0631292517007,4,2,37,4,2,0.214217687075,"""4/4""",76,0.704501547243,70.6591461347,4,0,4,Fsus7913,A1,lick
32.4099773243,0.0522448979592,4,4,38,1,1,0.198231292517,"""4/4""",74,0.516611254072,68.4588008513,4,0,4,Fsus7913,A1,lick
32.4738321995,0.0805442176871,4,4,38,1,2,0.198231292517,"""4/4""",75,0.588575476233,69.9417705149,4,0,4,Fsus7913,A1,lick
32.565260771,0.116099773243,4,4,38,1,4,0.198231292517,"""4/4""",74,0.638951766989,69.8296037414,4,0,4,Fsus7913,A1,lick
33.170430839,0.0957823129252,4,2,38,4,2,0.208752834467,"""4/4""",77,1.00315913297,73.8443086566,5,1,4,Fsus7913,A1,#lick
33.2778231293,0.0718367346939,4,3,39,1,2,0.198684807256,"""4/4""",78,0.93617795364,70.9437528912,5,0,4,Fsus7913,A1,#lick
33.3554648526,0.0965079365079,4,3,39,1,3,0.198684807256,"""4/4""",76,0.814547504752,70.1530553051,5,0,4,Fsus7913,A1,#lick
33.4599546485,0.113922902494,4,2,39,2,1,0.19380952381,"""4/4""",77,0.792070053628,71.5380047555,5,0,4,Fsus7913,A1,#lick
33.573877551,0.0761904761905,4,2,39,2,2,0.19380952381,"""4/4""",75,0.378544928197,67.2152818738,5,0,4,Fsus7913,A1,#lick
33.6624036281,0.099410430839,4,2,39,3,1,0.208480725624,"""4/4""",76,0.758309909474,71.4088732637,5,0,4,Fsus7913,A1,#lick
33.7647165533,0.108843537415,4,2,39,3,2,0.208480725624,"""4/4""",74,0.542430797314,69.6012031921,5,0,4,Fsus7913,A1,#lick
33.8909750567,0.0863492063492,4,2,39,4,2,0.204217687075,"""4/4""",75,0.171540962571,63.4002084157,5,0,4,Fsus7913,A1,#lick
34.8045351474,0.0805442176871,4,4,40,4,4,0.207845804989,"""4/4""",77,0.878300015923,71.4318764186,6,1,4,Gbsus7913,A1,#line_i_dd
34.8995918367,0.0834467120181,4,2,41,1,1,0.21306122449,"""4/4""",78,0.872438534244,73.3234039231,6,0,4,Fsus7913,A1,#line_i_dd
34.9960997732,0.0863492063492,4,2,41,1,2,0.21306122449,"""4/4""",76,0.826967467153,69.9835936139,6,0,4,Fsus7913,A1,#line_i_dd
35.0969614512,0.0827210884354,4,2,41,2,1,0.218594104308,"""4/4""",77,0.876077181466,72.8890055262,6,0,4,Fsus7913,A1,#line_i_dd
35.191292517,0.0950566893424,4,2,41,2,2,0.218594104308,"""4/4""",78,0.870921299245,72.8387772811,6,0,4,Fsus7913,A1,#line_i_dd
35.2907029478,0.0972335600907,4,2,41,3,1,0.19462585034,"""4/4""",76,0.690752777874,68.7982376084,6,0,4,Fsus7913,A1,#line_i_dd
35.3893877551,0.0790929705215,4,2,41,3,2,0.19462585034,"""4/4""",74,0.510072924833,68.4255162905,6,0,4,Fsus7913,A1,#line_i_dd
35.4757369615,0.111746031746,4,2,41,4,1,0.198979591837,"""4/4""",75,0.483770647813,68.7906736889,6,0,4,Fsus7913,A1,#line_i_dd
35.5925623583,0.0863492063492,4,2,41,4,2,0.198979591837,"""4/4""",73,0.523131775134,68.8616264026,6,0,4,Fsus7913,A1,#line_i_dd
35.6941496599,0.108117913832,4,3,42,1,1,0.213015873016,"""4/4""",74,0.84000081057,70.3946790716,6,0,4,Fsus7913,A1,#line_i_dd
35.8370975057,0.119727891156,4,3,42,1,3,0.213015873016,"""4/4""",73,0.663480155328,70.4839235712,6,0,4,Fsus7913,A1,#line_i_dd
35.9604535147,0.140045351474,4,2,42,2,2,0.208820861678,"""4/4""",71,0.429468391616,65.969899239,6,0,4,Fsus7913,A1,#line_i_dd
36.1121088435,0.0798185941043,4,2,42,3,1,0.202426303855,"""4/4""",72,0.43320359149,68.1815845183,6,0,4,Fsus7913,A1,#line_i_dd
36.2049886621,0.087074829932,4,2,42,3,2,0.202426303855,"""4/4""",70,0.632679040632,70.9362641889,6,0,4,Fsus7913,A1,#line_i_dd
36.3370521542,0.0790929705215,4,2,42,4,1,0.220090702948,"""4/4""",71,0.531722532452,67.5755014154,6,0,4,Fsus7913,A1,#line_i_dd
36.4422675737,0.0609523809524,4,2,42,4,2,0.220090702948,"""4/4""",68,0.496846440619,67.5583188981,6,0,4,Fsus7913,A1,#line_i_dd
36.5293424036,0.0805442176871,4,2,43,1,1,0.187959183673,"""4/4""",70,0.767310792779,71.396825175,6,0,4,F7,A1,#line_i_dd
36.6345578231,0.0986848072562,4,2,43,1,2,0.187959183673,"""4/4""",72,0.665719661282,70.4222755921,6,0,4,F7,A1,#line_i_dd
36.7448526077,0.0827210884354,4,2,43,2,1,0.198979591837,"""4/4""",74,0.72442574872,69.5068034486,6,0,4,F7,A1,#line_i_dd
36.8399092971,0.121179138322,4,2,43,2,2,0.198979591837,"""4/4""",77,1.01804524559,74.6977313403,6,0,4,F7,A1,#line_i_dd
37.3804988662,0.210430839002,4,1,44,1,1,0.208390022676,"""4/4""",76,1.03088333929,71.4902348457,7,1,4,D79,A1,line_i_dd
37.6192290249,0.0573242630385,4,2,44,2,2,0.208344671202,"""4/4""",72,0.198684273776,64.2029265219,7,0,4,D79,A1,line_i_dd
37.8311111111,0.265578231293,4,2,44,3,2,0.213560090703,"""4/4""",74,0.992907406995,74.2818377399,7,0,4,D79,A1,line_i_dd
38.132244898,0.316371882086,4,4,44,4,4,0.213378684807,"""4/4""",70,0.953018872079,73.862842807,7,0,4,D79,A1,line_i_dd
38.4732879819,0.0790929705215,4,2,45,2,2,0.200362811791,"""4/4""",66,0.538098342916,69.2206565937,7,0,4,Ebj7911#,A1,line_i_dd
38.6728344671,0.306213151927,4,2,45,3,2,0.201950113379,"""4/4""",70,0.820269712705,70.185547585,7,0,4,Ebj7911#,A1,line_i_dd
38.9870294785,0.0769160997732,4,2,46,1,1,0.203832199546,"""4/4""",69,0.623264579933,68.8370641951,7,0,4,Ebj7911#,A1,line_i_dd
39.0741043084,0.0761904761905,4,2,46,1,2,0.203832199546,"""4/4""",70,0.791542572203,72.2415028245,7,0,4,Ebj7911#,A1,line_i_dd
39.1619047619,0.0827210884354,4,2,46,2,1,0.208390022676,"""4/4""",69,0.749689823574,71.6655381749,7,0,4,Ebj7911#,A1,line_i_dd
39.2775510204,0.0979591836735,4,2,46,2,2,0.208390022676,"""4/4""",65,0.6542341453,64.5868644685,7,0,4,Ebj7911#,A1,line_i_dd
39.5160090703,0.257596371882,4,2,46,3,2,0.213832199546,"""4/4""",69,0.787664839587,71.6760049626,7,0,4,Ebj7911#,A1,line_i_dd
39.7815873016,0.313469387755,4,4,46,4,4,0.217959183673,"""4/4""",68,0.738843616454,71.4323551624,7,0,4,Ebj7911#,A1,line_i_dd
40.1240816327,0.0754648526077,4,2,47,2,2,0.217505668934,"""4/4""",64,0.273469527102,63.6957640652,7,0,4,Ebj7911#,A1,line_i_dd
40.32,0.999909297052,4,2,47,3,2,0.214013605442,"""4/4""",68,0.79950584852,70.6564291689,7,0,4,Ebj7911#,A1,line_i_dd
41.3779591837,0.099410430839,4,2,48,4,2,0.212244897959,"""4/4""",72,1.04681676946,75.0324522015,7,0,4,Ebj7911#,A1,#15lick
41.4868027211,0.189387755102,4,1,49,1,1,0.210158730159,"""4/4""",74,0.935078588919,73.7682802927,7,0,4,Ebj7911#,A1,#15lick
41.6936054422,0.0696598639456,4,1,49,2,1,0.198004535147,"""4/4""",69,0.699596866427,65.4961117893,7,0,5,Fsus7913,A1,#15lick
41.9098412698,0.84970521542,4,1,49,3,1,0.198979591837,"""4/4""",72,0.782304040858,71.1149955623,7,0,5,Fsus7913,A1,#15lick
42.7689795918,0.190113378685,4,1,50,3,1,0.203900226757,"""4/4""",74,0.754550416068,71.1262938879,7,0,5,Fsus7913,A1,#15lick
42.9699773243,0.0965079365079,4,2,50,4,1,0.20798185941,"""4/4""",77,0.972982739217,72.2154721676,7,0,5,Fsus7913,A1,~line_w
43.0773696145,0.100136054422,4,2,50,4,2,0.20798185941,"""4/4""",76,0.937399974079,71.1255717013,7,0,5,Fsus7913,A1,~line_w
43.1847619048,0.0718367346939,4,2,51,1,1,0.208820861678,"""4/4""",75,0.532843313295,68.9167821901,7,0,5,Fsus7913,A1,~line_w
43.3044897959,0.0696598639456,4,2,51,1,2,0.208820861678,"""4/4""",71,0.30436204152,67.1766745712,7,0,5,Fsus7913,A1,~line_w
43.3944671202,0.0834467120181,4,2,51,2,1,0.20358276644,"""4/4""",74,0.890794863448,72.5682232304,7,0,5,Fsus7913,A1,~line_w
43.4837188209,0.0377324263039,4,2,51,2,2,0.20358276644,"""4/4""",73,0.410916843559,68.5198774624,7,0,5,Fsus7913,A1,~line_w
43.5475736961,0.0377324263039,4,3,51,3,1,0.208344671202,"""4/4""",71,0.680206931505,67.8462845642,7,0,5,Fsus7913,A1,~line_w
43.5976417234,0.077641723356,4,3,51,3,2,0.208344671202,"""4/4""",72,0.722798296672,70.8099705749,7,0,5,Fsus7913,A1,~line_w
43.695600907,0.0747392290249,4,3,51,3,3,0.208344671202,"""4/4""",70,0.66156144197,70.8311271095,7,0,5,Fsus7913,A1,~line_w
43.7899319728,0.0761904761905,4,3,51,4,1,0.210612244898,"""4/4""",69,0.473863134934,68.5372702798,7,0,5,Fsus7913,A1,~line_w
43.9205442177,0.099410430839,4,3,51,4,3,0.210612244898,"""4/4""",72,0.884771657859,73.2653209251,7,0,5,Fsus7913,A1,~line_w
44.0250340136,0.0812698412698,4,1,52,1,1,0.227414965986,"""4/4""",71,0.582055640306,68.80164664,7,0,5,Gbsus7913,A1,~line_w
44.4081632653,0.10231292517,4,4,52,3,1,0.20820861678,"""4/4""",71,0.802817016663,71.2756038316,7,0,5,Gbsus7913,A1,#line_w
44.5307936508,0.0304761904762,4,4,52,3,3,0.20820861678,"""4/4""",70,0.459235811893,68.9341236962,7,0,5,Gbsus7913,A1,#line_w
44.5707029478,0.0246712018141,4,4,52,3,4,0.20820861678,"""4/4""",69,0.402967694172,66.9755116939,7,0,5,Gbsus7913,A1,#line_w
44.6062585034,0.0805442176871,4,2,52,4,1,0.204603174603,"""4/4""",66,0.705367869664,69.2650017519,7,0,5,Gbsus7913,A1,#line_w
44.7187301587,0.0754648526077,4,2,52,4,2,0.204603174603,"""4/4""",64,0.718986439566,70.0740368948,7,0,5,Gbsus7913,A1,#line_w
44.8036281179,0.0812698412698,4,3,53,1,1,0.203537414966,"""4/4""",65,0.590739571582,66.2616387696,7,0,5,Gbsus7913,A1,#line_w
44.970521542,0.0449886621315,4,3,53,1,3,0.203537414966,"""4/4""",67,-0.12084929206,61.6819579966,7,0,5,Fsus7913,A1,#line_w
45.0263945578,0.0326530612245,4,2,53,2,1,0.208775510204,"""4/4""",68,-0.0356724827824,63.6822612586,7,0,5,Fsus7913,A1,#line_w
45.1301587302,0.105215419501,4,2,53,2,2,0.208775510204,"""4/4""",72,0.666381947571,67.1361476638,7,0,5,Fsus7913,A1,#line_w
45.3122902494,0.0348299319728,4,3,53,3,2,0.207845804989,"""4/4""",66,-0.686794652401,56.6504359745,7,0,5,Fsus7913,A1,#line_w
45.3921088435,0.0399092970522,4,3,53,3,3,0.207845804989,"""4/4""",65,-0.00702654678243,63.1683365064,7,0,5,Fsus7913,A1,#line_w
45.4458049887,0.108843537415,4,2,53,4,1,0.204353741497,"""4/4""",70,0.859214135345,69.8856291508,7,0,5,Fsus7913,A1,#line_w
45.5655328798,0.0790929705215,4,2,53,4,2,0.204353741497,"""4/4""",69,0.399533984022,67.9703537638,7,0,5,Fsus7913,A1,#line_w
45.6642176871,0.0769160997732,4,1,54,1,1,0.2079138322,"""4/4""",68,0.290672356383,59.4697770303,7,0,5,Fsus7913,A1,#line_w
46.7424943311,0.17052154195,4,2,55,2,2,0.1989569161,"""4/4""",73,1.02459361332,72.5409510066,8,1,5,F7,A1,line_i_dd
46.913015873,0.0878004535147,4,4,55,3,2,0.207891156463,"""4/4""",75,0.890688385405,73.4344289735,8,0,5,Eb7,A1,line_i_dd
47.0334693878,0.719818594104,4,4,55,3,4,0.207891156463,"""4/4""",70,0.923634266913,71.4971567907,8,0,5,Eb7,A1,line_i_dd
47.7590929705,0.0878004535147,4,2,56,3,2,0.214603174603,"""4/4""",73,0.785971978765,72.2804179606,8,0,5,D79,A1,line_i_dd
48.0058049887,0.420136054422,4,2,56,4,2,0.187936507937,"""4/4""",68,0.673553328606,69.4407633639,8,0,5,D79,A1,line_i_dd
48.4346485261,0.222766439909,4,4,57,2,4,0.20358276644,"""4/4""",70,0.604965962438,70.5011111138,8,0,5,Ebj7911#,A1,line_i_dd
48.6820861678,0.419410430839,4,1,57,4,1,0.208458049887,"""4/4""",63,0.726224978943,68.4276430152,8,0,5,Ebj7911#,A1,line_i_dd
49.1196371882,0.227120181406,4,1,58,2,1,0.187755102041,"""4/4""",65,0.829595570743,71.3371556241,8,0,5,Ebj7911#,A1,line_i_dd
49.3612698413,0.0457142857143,4,2,58,3,2,0.20843537415,"""4/4""",63,0.0971577109315,63.5456560978,8,0,5,Ebj7911#,A1,line_i_dd
49.5826530612,0.0765306122449,4,2,58,4,2,0.204195011338,"""4/4""",60,0.4503095608,66.9670126121,8,0,5,Ebj7911#,A1,line_i_dd
49.787755102,0.826530612245,4,2,59,1,2,0.207959183673,"""4/4""",60,0.739575835691,66.7966829927,8,0,5,Ebj7911#,A1,line_i_dd
51.2102040816,0.327551020408,4,2,60,4,2,0.203492063492,"""4/4""",75,0.849175826209,71.0819619567,9,1,5,Ebj7911#,A1,melody
51.5642857143,0.313265306122,4,1,61,2,1,0.197936507937,"""4/4""",77,1.06100744204,73.2586792682,9,0,6,Fsus7913,A1,melody
51.9102040816,0.488775510204,4,1,61,4,1,0.208095238095,"""4/4""",79,0.991995184993,73.6095731046,9,0,6,Fsus7913,A1,melody
52.4275510204,0.0979591836735,4,2,62,2,2,0.204126984127,"""4/4""",79,0.877305126247,72.4094098637,9,0,6,Fsus7913,A1,melody
52.656122449,0.065306122449,4,2,62,3,2,0.197936507937,"""4/4""",75,0.652249846989,69.8969054688,9,0,6,Fsus7913,A1,melody
52.8673469388,0.0908163265306,4,2,62,4,2,0.208503401361,"""4/4""",77,0.775022910692,72.6467763841,9,0,6,Fsus7913,A1,melody
53.0673469388,1.27142857143,4,2,63,1,2,0.189160997732,"""4/4""",77,1.0347152431,70.1866227466,9,0,6,Fsus7913,A1,melody
54.9079365079,0.145124716553,4,2,65,2,2,0.207732426304,"""4/4""",77,0.911591680183,73.7138319152,10,1,6,Fsus7913,A1,melody
55.0559637188,0.106258503401,4,2,65,3,2,0.213900226757,"""4/4""",79,0.481803934966,61.3876563272,10,0,6,Fsus7913,A1,melody
55.1691609977,1.13922902494,4,1,65,4,1,0.208616780045,"""4/4""",82,0.896870304342,68.9234761953,10,0,6,Fsus7913,A1,melody
56.3098412698,0.163990929705,4,2,67,1,2,0.205079365079,"""4/4""",79,0.821426505521,71.3898018454,10,0,6,F7,A1,melody
56.50430839,0.117551020408,4,2,67,2,2,0.207142857143,"""4/4""",77,0.865933215833,72.1011064506,10,0,6,F7,A1,melody
56.6305668934,1.49333333333,4,1,67,3,1,0.213219954649,"""4/4""",77,0.821873050142,66.6631086812,10,0,6,Eb7,A1,melody
58.1456689342,0.111746031746,4,4,69,2,2,0.217324263039,"""4/4""",80,-0.13727611379,61.8945381446,10,0,6,Ebj7911#,A1,melody
58.2646712018,0.177052154195,4,4,69,2,4,0.217324263039,"""4/4""",78,0.55827531093,67.0221674599,10,0,6,Ebj7911#,A1,~lick
58.4794557823,0.152380952381,4,4,69,3,4,0.204603174603,"""4/4""",77,0.612883272652,65.9885443542,10,0,6,Ebj7911#,A1,~lick
58.6448979592,0.219138321995,4,2,69,4,2,0.207392290249,"""4/4""",75,0.364365811982,68.4289085746,10,0,6,Ebj7911#,A1,~lick
58.9003174603,0.493424036281,4,4,70,1,4,0.214421768707,"""4/4""",73,0.507080864753,67.4861657716,10,0,6,Ebj7911#,A1,~lick
59.4024489796,0.28589569161,4,1,70,4,1,0.214263038549,"""4/4""",75,0.72494297939,68.8008349936,10,0,6,Ebj7911#,A1,~lick
59.6926984127,0.326530612245,4,2,71,1,2,0.208548752834,"""4/4""",72,-0.757300570468,-66.2335977453,10,0,6,Ebj7911#,A1,~lick
60.0322902494,0.0711111111111,4,1,71,3,1,0.203741496599,"""4/4""",70,-0.228941766501,61.025813219,10,0,6,Ebj7911#,A1,~lick
60.2427210884,0.394739229025,4,1,71,4,1,0.214285714286,"""4/4""",70,0.67990727384,69.618309629,10,0,6,Ebj7911#,A1,~lick
60.7042176871,0.0406349206349,4,2,72,2,2,0.198571428571,"""4/4""",70,0.231289365579,66.0149444928,10,0,6,Ebj7911#,A1,~lick
61.5428571429,0.0673469387755,4,2,73,2,2,0.198458049887,"""4/4""",75,0.67609606486,68.3087897401,11,1,7,Fsus7913,A1,lick
61.6244897959,0.0785714285714,4,3,73,3,1,0.214308390023,"""4/4""",74,0.826831347755,72.7707686099,11,0,7,Fsus7913,A1,lick
61.7183673469,0.0744897959184,4,3,73,3,2,0.214308390023,"""4/4""",76,0.812681911425,72.1431280511,11,0,7,Fsus7913,A1,lick
61.8030612245,0.0387755102041,4,3,73,3,3,0.214308390023,"""4/4""",78,0.43580106269,58.0062742251,11,0,7,Fsus7913,A1,lick
61.8540816327,0.0642857142857,4,2,73,4,1,0.207641723356,"""4/4""",79,0.872877569548,71.0362175143,11,0,7,Fsus7913,A1,lick
61.9367346939,0.113265306122,4,2,73,4,2,0.207641723356,"""4/4""",80,0.822921174711,72.1850126978,11,0,7,Fsus7913,A1,lick
62.0693877551,0.107142857143,4,1,74,1,1,0.214036281179,"""4/4""",76,1.0765071563,70.4825230103,11,0,7,Fsus7913,A1,lick
62.7952834467,0.049387755102,4,4,74,4,3,0.207959183673,"""4/4""",75,0.223034660271,63.4887407307,12,1,7,Fsus7913,A1,#lick
62.8541496599,0.116235827664,4,4,74,4,4,0.207959183673,"""4/4""",74,0.603627447281,68.0031832603,12,0,7,Fsus7913,A1,#lick
62.9783673469,0.0743310657596,4,2,75,1,2,0.204557823129,"""4/4""",75,0.318437636537,65.2322207522,12,0,7,Fsus7913,A1,#lick
63.0906122449,0.107256235828,4,2,75,2,1,0.188095238095,"""4/4""",79,0.6268760646,70.398646706,12,0,7,Fsus7913,A1,#lick
63.2048526077,0.088798185941,4,2,75,2,2,0.188095238095,"""4/4""",77,0.760133679802,71.4645195341,12,0,7,Fsus7913,A1,#lick
63.3006349206,0.0987755102041,4,2,75,3,1,0.209138321995,"""4/4""",76,0.795141759571,71.8624272306,12,0,7,Fsus7913,A1,#lick
63.4039002268,0.0942857142857,4,2,75,3,2,0.209138321995,"""4/4""",75,0.686440536724,70.7565986094,12,0,7,Fsus7913,A1,#lick
63.5031746032,0.0618594104308,4,1,75,4,1,0.188072562358,"""4/4""",74,0.60375338706,61.7920384756,12,0,7,Fsus7913,A1,#lick
63.9406802721,0.0738321995465,4,2,76,2,1,0.207777777778,"""4/4""",71,0.233073986382,63.7260327539,13,1,7,Gbsus7913,A1,line_w
64.0155102041,0.114739229025,4,2,76,2,2,0.207777777778,"""4/4""",74,0.699670450416,71.3367316737,13,0,7,Gbsus7913,A1,line_w
64.1566893424,0.0618594104308,4,3,76,3,2,0.190068027211,"""4/4""",71,0.361525825625,65.0877090424,13,0,7,Gbsus7913,A1,line_w
64.2240362812,0.0813151927438,4,3,76,3,3,0.190068027211,"""4/4""",72,0.526842513206,67.1223010065,13,0,7,Gbsus7913,A1,line_w
64.3203174603,0.108752834467,4,2,76,4,1,0.192879818594,"""4/4""",74,0.73976217411,71.2471828965,13,0,7,Gbsus7913,A1,line_w
64.4325623583,0.109750566893,4,2,76,4,2,0.192879818594,"""4/4""",75,0.6354280126,69.5336136423,13,0,7,Gbsus7913,A1,line_w
64.5492970522,0.0698412698413,4,3,77,1,2,0.196757369615,"""4/4""",77,0.662700319142,69.5825265758,13,0,7,Fsus7913,A1,line_w
64.6256235828,0.0823129251701,4,3,77,1,3,0.196757369615,"""4/4""",78,0.707534344755,71.4808367809,13,0,7,Fsus7913,A1,line_w
64.7418594104,0.102267573696,4,4,77,2,2,0.208752834467,"""4/4""",76,0.539177513618,69.0709736329,13,0,7,Fsus7913,A1,line_w
64.8501133787,0.0922902494331,4,4,77,2,4,0.208752834467,"""4/4""",77,0.656479366745,70.5878823101,13,0,7,Fsus7913,A1,line_w
64.953877551,0.119727891156,4,2,77,3,2,0.193673469388,"""4/4""",74,0.710019206085,71.7499420172,13,0,7,Fsus7913,A1,line_w
65.0751020408,0.0643537414966,4,2,77,4,1,0.19873015873,"""4/4""",75,0.510116759092,69.0700143524,13,0,7,Fsus7913,A1,line_w
65.1778684807,0.0783219954649,4,2,77,4,2,0.19873015873,"""4/4""",76,0.580132204619,69.7512900835,13,0,7,Fsus7913,A1,line_w
65.2846258503,0.11074829932,4,2,78,1,1,0.198072562358,"""4/4""",74,0.659928330251,71.0370211304,13,0,7,Fsus7913,A1,line_w
65.3993650794,0.0858049886621,4,2,78,1,2,0.198072562358,"""4/4""",72,0.55913498289,68.8634756945,13,0,7,Fsus7913,A1,line_w
65.4931519274,0.062358276644,4,2,78,2,1,0.199319727891,"""4/4""",70,0.586102008199,68.3885347472,13,0,7,Fsus7913,A1,line_w
65.5664852608,0.100770975057,4,2,78,2,2,0.199319727891,"""4/4""",69,0.386091789362,64.4275577149,13,0,7,Fsus7913,A1,line_w
65.6782312925,0.104263038549,4,2,78,3,1,0.193424036281,"""4/4""",68,0.841658036717,70.1033215391,13,0,7,Fsus7913,A1,line_w
65.7904761905,0.103764172336,4,2,78,3,2,0.193424036281,"""4/4""",67,0.744282361593,66.7763038581,13,0,7,Fsus7913,A1,line_w
65.9052154195,0.0873015873016,4,2,78,4,1,0.189433106576,"""4/4""",65,0.502226753051,67.5268341677,13,0,7,Fsus7913,A1,line_w
66.0079818594,0.177097505669,4,2,78,4,2,0.189433106576,"""4/4""",63,0.436382866697,65.7338517073,13,0,7,Fsus7913,A1,line_w
66.1920634921,0.117732426304,4,2,79,1,2,0.214263038549,"""4/4""",60,-0.0391220541867,62.7895919937,13,0,7,F7,A1,line_w
66.3187755102,0.117233560091,4,3,79,2,1,0.207709750567,"""4/4""",58,0.229260952353,62.8659280968,13,0,7,F7,A1,line_w
66.446984127,0.09179138322,4,3,79,2,3,0.207709750567,"""4/4""",55,0.880854649707,69.6358587655,13,0,7,F7,A1,line_w
66.5527437642,0.0878004535147,4,2,79,3,2,0.198571428571,"""4/4""",53,0.602308184164,67.8597696593,13,0,7,Eb7,A1,line_w
66.662244898,0.0856235827664,4,2,79,4,1,0.207845804989,"""4/4""",55,0.313994820715,65.0334153374,13,0,7,Eb7,A1,line_w
66.7577777778,0.131201814059,4,2,79,4,2,0.207845804989,"""4/4""",58,0.077232641372,61.2247877622,13,0,7,Eb7,A1,line_w
66.8995918367,0.0420861678005,4,4,80,1,1,0.204058956916,"""4/4""",60,-0.414257254523,60.2457015525,13,0,7,D79,A1,line_w
66.9508390023,0.122721088435,4,4,80,1,2,0.204058956916,"""4/4""",65,0.65748275076,66.8190004523,13,0,7,D79,A1,line_w
67.0785487528,0.0977777777778,4,4,80,2,1,0.208458049887,"""4/4""",62,-0.400551256762,58.5968251337,13,0,7,D79,A1,line_w
67.18430839,0.0838095238095,4,4,80,2,3,0.208458049887,"""4/4""",63,0.003551086754,62.8581061758,13,0,7,D79,A1,line_w
67.2716099773,0.0748299319728,4,4,80,2,4,0.208458049887,"""4/4""",65,0.528550358554,66.5906634859,13,0,7,D79,A1,line_w
67.366893424,0.111746031746,4,2,80,3,2,0.189092970522,"""4/4""",67,-0.0653133490633,62.6430983863,13,0,7,D79,A1,line_w
67.4896145125,0.0927891156463,4,3,80,4,1,0.204149659864,"""4/4""",69,0.386354115525,64.1288683483,13,0,7,D79,A1,line_w
67.5839002268,0.0513832199546,4,3,80,4,2,0.204149659864,"""4/4""",74,0.352627151565,66.1012325884,13,0,7,D79,A1,line_w
67.638276644,0.0648526077098,4,3,80,4,3,0.204149659864,"""4/4""",71,0.418845161568,68.4685616406,13,0,7,D79,A1,line_w
68.2189569161,0.511836734694,4,2,81,3,2,0.204353741497,"""4/4""",66,0.782351184485,68.6773405717,14,1,7,Ebj7911#,A1,lick
68.7392743764,0.078820861678,4,2,82,2,1,0.204308390023,"""4/4""",68,0.653188342082,69.313370299,14,0,7,Ebj7911#,A1,lick
68.822585034,0.0663492063492,4,2,82,2,2,0.204308390023,"""4/4""",70,0.766887599554,69.9604263845,14,0,7,Ebj7911#,A1,lick
69.0211337868,0.0763265306122,4,2,82,3,2,0.208344671202,"""4/4""",65,0.718786103838,66.526745328,14,0,7,Ebj7911#,A1,lick
69.2131972789,0.194557823129,4,2,82,4,2,0.213265306122,"""4/4""",65,0.771523783761,70.5624069547,14,0,7,Ebj7911#,A1,lick
69.4307029478,0.122721088435,4,2,83,1,2,0.198979591837,"""4/4""",65,0.808325616138,70.4059580214,14,0,7,Ebj7911#,A1,lick
69.5564172336,0.0578684807256,4,2,83,2,1,0.213628117914,"""4/4""",67,-0.167525266502,61.8825229035,14,0,7,Ebj7911#,A1,lick
69.6197732426,0.108253968254,4,2,83,2,2,0.213628117914,"""4/4""",69,0.663413542696,70.5275693502,14,0,7,Ebj7911#,A1,lick
69.7355102041,0.139682539683,4,1,83,3,1,0.188934240363,"""4/4""",64,0.711020561554,66.8530188697,14,0,7,Ebj7911#,A1,lick
69.9675283447,1.25678004535,4,1,83,4,1,0.188163265306,"""4/4""",64,1.01582295215,70.6400447749,14,0,7,Ebj7911#,A1,lick
71.3846712018,0.114648526077,4,4,85,3,2,0.218185941043,"""4/4""",74,0.861655224256,72.9128879371,14,0,8,Fsus7913,A1,lick
71.5029478458,0.0442630385488,4,4,85,3,4,0.218185941043,"""4/4""",75,0.68912847936,70.6587570942,14,0,8,Fsus7913,A1,lick
71.5740589569,0.0798185941043,4,2,85,4,1,0.213197278912,"""4/4""",78,0.81110501051,69.1552578685,14,0,8,Fsus7913,A1,lick
71.6611337868,0.108117913832,4,2,85,4,2,0.213197278912,"""4/4""",77,0.853809598999,72.8984044922,14,0,8,Fsus7913,A1,lick
71.772154195,0.10231292517,4,2,86,1,1,0.208752834467,"""4/4""",78,0.88987047825,72.427797215,14,0,8,Fsus7913,A1,lick
71.8780952381,0.116825396825,4,2,86,1,2,0.208752834467,"""4/4""",76,0.699653119751,71.099924529,14,0,8,Fsus7913,A1,lick
72.2118820862,0.101587301587,4,2,86,3,1,0.213446712018,"""4/4""",76,0.771981921111,70.5115678785,14,0,8,Fsus7913,A1,#lick
72.3214512472,0.0703854875283,4,2,86,3,2,0.213446712018,"""4/4""",78,0.856368987092,69.3969748036,14,0,8,Fsus7913,A1,#lick
72.4041723356,0.101587301587,4,2,86,4,1,0.218616780045,"""4/4""",76,0.805892737345,69.6093544628,14,0,8,Fsus7913,A1,#lick
72.5144671202,0.087074829932,4,2,86,4,2,0.218616780045,"""4/4""",77,0.842018069415,73.1995741031,14,0,8,Fsus7913,A1,#lick
72.6109750567,0.077641723356,4,2,87,1,1,0.203492063492,"""4/4""",78,0.823496686736,66.9878598991,14,0,8,Fsus7913,A1,#lick
72.697324263,0.0500680272109,4,2,87,1,2,0.203492063492,"""4/4""",76,0.758758711061,69.8791984434,14,0,8,Fsus7913,A1,#lick
73.0107936508,0.10231292517,4,4,87,3,1,0.204126984127,"""4/4""",77,0.746940352184,69.3673619009,15,1,8,Fsus7913,A1,line_i_dd
73.1210884354,0.065306122449,4,4,87,3,3,0.204126984127,"""4/4""",78,0.700495647806,68.5251078413,15,0,8,Fsus7913,A1,line_i_dd
73.1900226757,0.087074829932,4,4,87,3,4,0.204126984127,"""4/4""",76,0.640110874908,68.3093460305,15,0,8,Fsus7913,A1,line_i_dd
73.2843537415,0.0979591836735,4,4,87,4,2,0.202290249433,"""4/4""",77,0.740879296481,71.2746393106,15,0,8,Fsus7913,A1,line_i_dd
73.389569161,0.0725623582766,4,4,87,4,4,0.202290249433,"""4/4""",78,0.579778224639,66.3602850571,15,0,8,Fsus7913,A1,line_i_dd
73.46430839,0.0878004535147,4,2,88,1,1,0.191927437642,"""4/4""",76,0.672756948451,68.8548982582,15,0,8,Gbsus7913,A1,line_i_dd
73.5593650794,0.0950566893424,4,2,88,1,2,0.191927437642,"""4/4""",77,0.386177925801,66.4990869483,15,0,8,Gbsus7913,A1,line_i_dd
73.6631292517,0.0950566893424,4,4,88,2,2,0.200702947846,"""4/4""",75,0.446049939622,68.3407298979,15,0,8,Gbsus7913,A1,line_i_dd
73.7647165533,0.0928798185941,4,4,88,2,4,0.200702947846,"""4/4""",73,0.371272961213,67.3612832373,15,0,8,Gbsus7913,A1,line_i_dd
73.8604988662,0.0914285714286,4,4,88,3,2,0.20462585034,"""4/4""",74,0.319396747575,66.9278611331,15,0,8,Gbsus7913,A1,line_i_dd
73.963537415,0.0565986394558,4,4,88,3,4,0.20462585034,"""4/4""",72,0.254178216575,64.8302586247,15,0,8,Gbsus7913,A1,line_i_dd
74.0281179138,0.131337868481,4,3,88,4,1,0.208231292517,"""4/4""",73,0.415272348333,68.3045608522,15,0,8,Gbsus7913,A1,line_i_dd
74.165260771,0.087074829932,4,3,88,4,3,0.208231292517,"""4/4""",71,0.308424884548,65.8373563535,15,0,8,Gbsus7913,A1,line_i_dd
74.2610430839,0.099410430839,4,2,89,1,1,0.193764172336,"""4/4""",72,0.482762229429,68.4640259477,15,0,8,Fsus7913,A1,line_i_dd
74.3662585034,0.089977324263,4,2,89,1,2,0.193764172336,"""4/4""",70,0.714303976751,70.1346059285,15,0,8,Fsus7913,A1,line_i_dd
74.4649433107,0.0921541950113,4,4,89,2,2,0.198775510204,"""4/4""",71,0.59932075413,68.5583709711,15,0,8,Fsus7913,A1,line_i_dd
74.5759637188,0.0783673469388,4,4,89,2,4,0.198775510204,"""4/4""",69,0.456920992348,66.047274727,15,0,8,Fsus7913,A1,line_i_dd
74.6652154195,0.103038548753,4,4,89,3,2,0.188934240363,"""4/4""",70,0.688916089355,70.991156941,15,0,8,Fsus7913,A1,line_i_dd
74.7711564626,0.0979591836735,4,4,89,3,4,0.188934240363,"""4/4""",75,0.839676041577,70.7441790486,15,0,8,Fsus7913,A1,~line_w
74.8778231293,0.0957823129252,4,4,89,4,2,0.208072562358,"""4/4""",74,0.953919833011,73.1436059115,15,0,8,Fsus7913,A1,~line_w
74.9779591837,0.0936054421769,4,4,89,4,4,0.208072562358,"""4/4""",72,0.843604355982,71.418137408,15,0,8,Fsus7913,A1,~line_w
75.0802721088,0.0805442176871,4,4,90,1,2,0.193764172336,"""4/4""",70,0.861422204619,70.9858318488,15,0,8,Fsus7913,A1,~line_w
75.1717006803,0.0783673469388,4,4,90,1,4,0.193764172336,"""4/4""",69,0.727781237624,70.1148053954,15,0,8,Fsus7913,A1,~line_w
75.2602267574,0.103764172336,4,4,90,2,2,0.208775510204,"""4/4""",68,0.576785299839,70.1810210124,15,0,8,Fsus7913,A1,~line_w
75.3726984127,0.0783673469388,4,4,90,2,4,0.208775510204,"""4/4""",64,0.995052432785,68.3648801944,15,0,8,Fsus7913,A1,~line_w
75.4779138322,0.0892517006803,4,4,90,3,2,0.198911564626,"""4/4""",67,0.624869817221,68.9132499572,15,0,8,Fsus7913,A1,~line_w
75.5838548753,0.0892517006803,4,4,90,3,4,0.198911564626,"""4/4""",64,0.399687930793,65.5681841481,15,0,8,Fsus7913,A1,~line_w
75.681814059,0.0798185941043,4,2,90,4,2,0.187755102041,"""4/4""",66,0.602357527432,67.833599172,15,0,8,Fsus7913,A1,~line_w
75.7797732426,0.0769160997732,4,2,91,1,1,0.194580498866,"""4/4""",67,0.40636031275,67.9074806888,15,0,8,Fsus7913,A1,~line_w
75.900952381,0.0580498866213,4,2,91,1,2,0.194580498866,"""4/4""",68,0.40009756717,64.0675986189,15,0,8,F7,A1,~line_w
75.9735147392,0.100861678005,4,2,91,2,1,0.198775510204,"""4/4""",70,0.751112732713,71.2627217405,15,0,8,F7,A1,~line_w
76.1244444444,0.0500680272109,4,2,91,2,2,0.198775510204,"""4/4""",71,0.480332849088,66.7307053917,15,0,8,F7,A1,~line_w
76.1759637188,0.0979591836735,4,1,91,3,1,0.188299319728,"""4/4""",73,0.727434588812,65.8733367331,15,0,8,F7,A1,~line_w
77.4632199546,0.0515192743764,4,3,93,1,2,0.215170068027,"""4/4""",73,0.978248008993,72.8238665813,16,1,8,Ebj7911#,A1,rhythm_mi
77.5212698413,0.312743764172,4,3,93,1,3,0.215170068027,"""4/4""",74,1.06262076879,74.7074950921,16,0,8,Ebj7911#,A1,rhythm_mi
77.8405442177,0.0761904761905,4,2,93,3,1,0.203696145125,"""4/4""",73,0.875653637063,70.4454277071,16,0,8,Ebj7911#,A1,rhythm_mi
77.9247165533,0.0631292517007,4,2,93,3,2,0.203696145125,"""4/4""",72,0.662069316578,71.077724023,16,0,8,Ebj7911#,A1,rhythm_mi
77.9958276644,0.109569160998,4,2,93,4,1,0.198140589569,"""4/4""",73,0.765856727766,71.9354206825,16,0,8,Ebj7911#,A1,rhythm_mi
78.106122449,0.0986848072562,4,2,93,4,2,0.198140589569,"""4/4""",72,0.74533808866,70.9746617227,16,0,8,Ebj7911#,A1,rhythm_mi
78.2077097506,0.0957823129252,4,4,94,1,1,0.198571428571,"""4/4""",73,0.977373180872,72.521975538,16,0,8,Ebj7911#,A1,rhythm_mi
78.3092970522,0.0631292517007,4,4,94,1,3,0.198571428571,"""4/4""",72,0.702488467418,71.2830036179,16,0,8,Ebj7911#,A1,rhythm_mi
78.3731519274,0.0645804988662,4,4,94,1,4,0.198571428571,"""4/4""",73,0.802778989131,70.2613883704,16,0,8,Ebj7911#,A1,rhythm_mi
78.4428117914,0.0819954648526,4,2,94,2,1,0.203741496599,"""4/4""",72,0.798930952405,72.1756987358,16,0,8,Ebj7911#,A1,rhythm_mi
78.5298866213,0.0812698412698,4,2,94,2,2,0.203741496599,"""4/4""",73,0.716733889466,70.9417318106,16,0,8,Ebj7911#,A1,rhythm_mi
78.6147845805,0.0551473922902,4,4,94,3,1,0.208548752834,"""4/4""",72,0.781389087501,72.3281868708,16,0,8,Ebj7911#,A1,rhythm_mi
78.6735600907,0.100861678005,4,4,94,3,2,0.208548752834,"""4/4""",73,0.648735132749,70.6331559972,16,0,8,Ebj7911#,A1,rhythm_mi
78.777324263,0.0377324263039,4,4,94,3,4,0.208548752834,"""4/4""",72,0.840145446371,71.5712057361,16,0,8,Ebj7911#,A1,rhythm_mi
78.8186848073,0.0986848072562,4,4,94,4,1,0.199002267574,"""4/4""",73,0.725127470382,71.5269181524,16,0,8,Ebj7911#,A1,rhythm_mi
78.9202721088,0.0348299319728,4,4,94,4,3,0.199002267574,"""4/4""",72,0.738292309327,71.5865339827,16,0,8,Ebj7911#,A1,rhythm_mi
78.9587301587,0.0950566893424,4,4,94,4,4,0.199002267574,"""4/4""",73,0.706333935037,71.4152490764,16,0,8,Ebj7911#,A1,rhythm_mi
79.0595918367,0.0616780045351,4,2,95,1,1,0.188253968254,"""4/4""",72,0.791173009694,71.5506481299,16,0,8,Ebj7911#,A1,rhythm_mi
79.1285260771,0.0703854875283,4,2,95,1,2,0.188253968254,"""4/4""",73,0.686764109246,70.4281845985,16,0,8,Ebj7911#,A1,rhythm_mi
79.2039909297,0.0515192743764,4,3,95,2,1,0.204058956916,"""4/4""",72,0.829288292992,71.6724452854,16,0,8,Ebj7911#,A1,rhythm_mi
79.2649433107,0.146575963719,4,3,95,2,2,0.204058956916,"""4/4""",73,0.693388811759,70.1811925251,16,0,8,Ebj7911#,A1,rhythm_mi
79.4202267574,0.0449886621315,4,3,95,3,1,0.18873015873,"""4/4""",71,0.479575971205,65.9419488834,16,0,8,Ebj7911#,A1,rhythm_mi
79.4760997732,1.51800453515,4,3,95,3,2,0.18873015873,"""4/4""",72,0.856340084958,70.9869277493,16,0,8,Ebj7911#,A1,~lick
81.0231292517,0.286621315193,4,1,97,3,1,0.1979138322,"""4/4""",72,0.840037585268,72.2999983155,16,0,9,Fsus7913,A1,~lick
81.3431292517,0.0667573696145,4,2,97,4,2,0.199092970522,"""4/4""",67,0.689787759716,67.7599288902,16,0,9,Fsus7913,A1,~lick
81.5673469388,0.848979591837,4,2,98,1,2,0.203469387755,"""4/4""",70,0.792559291231,71.8195439176,16,0,9,Fsus7913,A1,~lick
82.4346938776,0.311224489796,4,1,99,2,1,0.213333333333,"""4/4""",74,0.956658829066,73.2425811926,16,0,9,Fsus7913,A1,~lick
82.7549206349,0.0553741496599,4,4,99,3,3,0.194897959184,"""4/4""",75,0.593698122876,68.5712306109,16,0,9,Fsus7913,A1,~lick
82.8142857143,0.162630385488,4,4,99,3,4,0.194897959184,"""4/4""",72,0.701855831305,70.8002733871,16,0,9,Fsus7913,A1,~lick
83.0043537415,0.0942857142857,4,4,99,4,4,0.200272108844,"""4/4""",67,0.229086924113,61.3930890387,16,0,9,Fsus7913,A1,~lick
83.1116099773,0.155646258503,4,2,100,1,2,0.205918367347,"""4/4""",70,0.749193830185,71.9783423029,16,0,9,Gbsus7913,A1,~lick
83.3567346939,0.520272108844,4,2,100,2,2,0.217505668934,"""4/4""",70,0.823366682698,72.0379047988,16,0,9,Gbsus7913,A1,~lick
83.9466666667,0.0986848072562,4,2,101,1,2,0.214013605442,"""4/4""",70,0.555329119569,64.7846206831,16,0,9,Fsus7913,A1,~lick
84.8079818594,0.201723356009,4,2,102,1,2,0.198072562358,"""4/4""",73,0.814150481617,72.3906365703,17,1,9,Fsus7913,A1,line_i_dd
85.0140589569,0.113922902494,4,2,102,2,2,0.213741496599,"""4/4""",75,0.680373482368,70.6691112428,17,0,9,Fsus7913,A1,line_i_dd
85.1359637188,0.23873015873,4,1,102,3,1,0.198888888889,"""4/4""",70,0.732253231252,70.4670440466,17,0,9,Fsus7913,A1,line_i_dd
85.382675737,0.0500680272109,4,3,102,4,2,0.197868480726,"""4/4""",71,0.63860544398,69.5432540991,17,0,9,Fsus7913,A1,line_i_dd
85.4559637188,0.168344671202,4,3,102,4,3,0.197868480726,"""4/4""",73,0.684180693712,71.5281097907,17,0,9,Fsus7913,A1,line_i_dd
85.6301133787,0.219138321995,4,2,103,1,2,0.204013605442,"""4/4""",68,0.555231283268,69.7177727569,17,0,9,F7,A1,line_i_dd
85.852154195,0.108843537415,4,2,103,2,2,0.218344671202,"""4/4""",70,0.641552858173,70.4459001783,17,0,9,F7,A1,line_i_dd
85.970430839,0.100861678005,4,1,103,3,1,0.204399092971,"""4/4""",65,0.692549174258,69.0365990749,17,0,9,Eb7,A1,line_i_dd
86.1794104308,0.27283446712,4,1,103,4,1,0.208503401361,"""4/4""",65,1.05244977683,70.026910368,17,0,9,Eb7,A1,line_i_dd
86.4673469388,1.16326530612,4,2,104,1,2,0.213174603175,"""4/4""",67,0.827234260465,70.1297276405,17,0,9,D79,A1,line_i_dd
87.6705668934,0.0580498866213,4,2,105,3,2,0.198185941043,"""4/4""",65,0.195916348731,64.416619729,17,0,9,Ebj7911#,A1,~fragment
87.7794104308,0.134240362812,4,4,105,4,1,0.189024943311,"""4/4""",66,0.313498927853,66.6867954477,17,0,9,Ebj7911#,A1,~fragment
87.9230839002,0.077641723356,4,4,105,4,4,0.189024943311,"""4/4""",67,0.505762790533,64.4337558303,17,0,9,Ebj7911#,A1,~fragment
88.0275736961,0.0740136054422,4,2,106,1,2,0.188095238095,"""4/4""",69,0.357281984589,64.0273793543,17,0,9,Ebj7911#,A1,~fragment
88.1371428571,0.0790929705215,4,2,106,2,1,0.204263038549,"""4/4""",66,0.233734282771,65.7103506899,17,0,9,Ebj7911#,A1,~fragment
88.2438095238,0.0631292517007,4,2,106,2,2,0.204263038549,"""4/4""",68,0.490181084294,65.5102386398,17,0,9,Ebj7911#,A1,~fragment
89.0492517007,0.0696598639456,4,3,107,2,2,0.207664399093,"""4/4""",65,0.926379503704,74.0408512567,18,1,9,Ebj7911#,A1,lick
89.1319727891,0.0689342403628,4,3,107,2,3,0.207664399093,"""4/4""",67,0.543834762628,66.1807414535,18,0,9,Ebj7911#,A1,lick
89.205260771,0.134240362812,4,3,107,3,1,0.204535147392,"""4/4""",69,0.66635160114,69.8036806659,18,0,9,Ebj7911#,A1,lick
89.3416780045,0.0921541950113,4,3,107,3,3,0.204535147392,"""4/4""",65,0.655926203035,68.2523891792,18,0,9,Ebj7911#,A1,lick
89.4425396825,0.0856235827664,4,4,107,4,2,0.198276643991,"""4/4""",67,0.627610171526,68.6104954898,18,0,9,Ebj7911#,A1,lick
89.5346938776,0.0892517006803,4,4,107,4,4,0.198276643991,"""4/4""",65,0.603672475865,69.0071660131,18,0,9,Ebj7911#,A1,lick
89.6326530612,0.0907029478458,4,1,108,1,1,0.204195011338,"""4/4""",62,0.286303677271,64.6627752835,18,0,9,Ebj7911#,A1,lick
89.7872108844,0.0747392290249,4,1,108,2,1,0.197709750567,"""4/4""",61,-0.00236739116933,62.4709978583,18,0,9,Ebj7911#,A1,lick
90.029569161,0.0551473922902,4,1,108,3,1,0.198866213152,"""4/4""",65,0.986311918069,74.2599349388,18,0,9,Ebj7911#,A1,lick
90.2813605442,0.11029478458,4,2,108,4,2,0.208684807256,"""4/4""",65,0.734376963085,70.1679433885,18,0,9,Ebj7911#,A1,lick
91.0570521542,0.0957823129252,4,1,109,4,1,0.208798185941,"""4/4""",74,0.668657004618,65.538950531,19,1,10,Fsus7913,A1,line_i_dd
91.2675736961,0.127709750567,4,1,110,1,1,0.203446712018,"""4/4""",77,0.866167691295,71.3856998074,19,0,10,Fsus7913,A1,line_i_dd
91.6948752834,0.0874376417234,4,1,110,3,1,0.208662131519,"""4/4""",70,0.575158300163,63.5582334742,19,0,10,Fsus7913,A1,line_i_dd
91.9270748299,0.0711111111111,4,3,110,4,2,0.18820861678,"""4/4""",75,0.618505841953,70.5928527273,19,0,10,Fsus7913,A1,line_i_dd
92.001814059,0.0471655328798,4,3,110,4,3,0.18820861678,"""4/4""",74,0.641105544125,71.2458353428,19,0,10,Fsus7913,A1,line_i_dd
92.0605895692,0.132789115646,4,1,111,1,1,0.213151927438,"""4/4""",75,0.553868406874,68.0522754329,19,0,10,Fsus7913,A1,line_i_dd
92.2340136054,0.0907029478458,4,1,111,2,1,0.198911564626,"""4/4""",68,0.254951401639,64.5787850494,19,0,10,Fsus7913,A1,line_i_dd
92.4458956916,0.129206349206,4,1,111,3,1,0.198594104308,"""4/4""",74,0.894218046378,71.4147724933,19,0,10,Fsus7913,A1,line_i_dd
92.7272562358,0.0972789115646,4,2,111,4,2,0.198571428571,"""4/4""",67,0.375409801177,64.1871180743,19,0,10,Fsus7913,A1,line_i_dd
92.9482539683,0.105759637188,4,2,112,1,2,0.204603174603,"""4/4""",72,0.886799823021,70.5087047936,19,0,10,Gbsus7913,A1,line_i_dd
93.1632653061,0.0598639455782,4,2,112,2,2,0.207346938776,"""4/4""",67,0.467503716351,69.2332900188,19,0,10,Gbsus7913,A1,line_i_dd
93.3673015873,0.0942857142857,4,2,112,3,2,0.208684807256,"""4/4""",70,0.751936928787,70.9535391127,19,0,10,Gbsus7913,A1,line_i_dd
93.4630839002,0.105260770975,4,2,112,4,1,0.219659863946,"""4/4""",67,0.464148252734,66.9011847715,19,0,10,Gbsus7913,A1,line_i_dd
93.5713378685,0.108752834467,4,2,112,4,2,0.219659863946,"""4/4""",69,0.568791438357,69.1840300129,19,0,10,Gbsus7913,A1,line_i_dd
93.9624489796,0.108843537415,4,2,113,2,2,0.208321995465,"""4/4""",73,0.747733597332,69.3186042853,19,0,10,Fsus7913,A1,lick
94.0778231293,0.0979591836735,4,2,113,3,1,0.204036281179,"""4/4""",71,0.639500239936,68.7444518733,19,0,10,Fsus7913,A1,lick
94.1801360544,0.108117913832,4,2,113,3,2,0.204036281179,"""4/4""",68,0.504162017034,60.000661268,19,0,10,Fsus7913,A1,lick
94.3143764172,0.0943310657596,4,2,113,4,1,0.1989569161,"""4/4""",64,0.171141675341,64.0746618166,19,0,10,Fsus7913,A1,lick
94.4159637188,0.0848979591837,4,2,113,4,2,0.1989569161,"""4/4""",65,0.145763016905,63.5571613045,19,0,10,Fsus7913,A1,lick
94.766122449,0.103265306122,4,4,114,2,2,0.213015873016,"""4/4""",72,0.708262807459,69.6704275164,19,0,10,Fsus7913,A1,line_w
94.8778684807,0.11074829932,4,4,114,2,4,0.213015873016,"""4/4""",69,0.361685270666,66.8076313852,19,0,10,Fsus7913,A1,line_w
94.9921088435,0.0892970521542,4,4,114,3,2,0.205079365079,"""4/4""",70,0.770708796876,69.5811225953,19,0,10,Fsus7913,A1,line_w
95.0863945578,0.112244897959,4,4,114,3,4,0.205079365079,"""4/4""",72,0.692232512339,70.6363401025,19,0,10,Fsus7913,A1,line_w
95.2106122449,0.0818140589569,4,2,114,4,2,0.197732426304,"""4/4""",73,0.709508814043,71.0790760234,19,0,10,Fsus7913,A1,line_w
95.2949206349,0.0528798185941,4,4,115,1,1,0.207845804989,"""4/4""",74,0.824289322362,69.8020524947,19,0,10,Fsus7913,A1,line_w
95.3498412698,0.101587301587,4,4,115,1,2,0.207845804989,"""4/4""",75,0.722487460805,69.9158891271,19,0,10,F7,A1,line_w
95.466031746,0.13768707483,4,4,115,1,4,0.207845804989,"""4/4""",76,0.679984082296,71.2462020232,19,0,10,F7,A1,line_w
95.6072108844,0.0618594104308,4,3,115,2,2,0.214467120181,"""4/4""",77,0.765341311909,63.960300072,19,0,10,F7,A1,line_w
95.6715646259,0.103764172336,4,3,115,2,3,0.214467120181,"""4/4""",74,0.740297211933,68.8401285589,19,0,10,F7,A1,line_w
95.7828117914,0.116235827664,4,4,115,3,2,0.198072562358,"""4/4""",75,0.406881328681,67.5228595465,19,0,10,Eb7,A1,line_w
95.9040362812,0.129206349206,4,4,115,3,4,0.198072562358,"""4/4""",73,0.252444472769,65.3932254115,19,0,10,Eb7,A1,line_w
96.1090702948,0.0613605442177,4,4,115,4,4,0.199047619048,"""4/4""",77,0.434248457615,66.9915309776,19,0,10,Eb7,A1,line_w
96.1998639456,0.127210884354,4,1,116,1,1,0.213605442177,"""4/4""",73,0.330230745524,67.0065347597,19,0,10,D79,A1,line_w
96.3305668934,0.106258503401,4,2,116,2,1,0.198775510204,"""4/4""",71,0.0271745392939,61.9989750795,19,0,10,D79,A1,line_w
96.4433106576,0.0633560090703,4,2,116,2,2,0.198775510204,"""4/4""",72,0.184587298521,61.9636219288,19,0,10,D79,A1,line_w
97.2350113379,1.79954648526,4,2,117,2,2,0.19387755102,"""4/4""",74,0.975527057469,71.572412255,20,1,10,Ebj7911#,A1,rhythm_mi
99.0403628118,0.0500680272109,4,4,119,3,3,0.20873015873,"""4/4""",73,0.831591287698,73.0265671961,20,0,10,Ebj7911#,A1,rhythm_mi
99.0976870748,0.0282993197279,4,4,119,3,4,0.20873015873,"""4/4""",74,0.519703296271,67.0707468988,20,0,10,Ebj7911#,A1,rhythm_mi
99.139047619,0.0769160997732,4,3,119,4,1,0.204285714286,"""4/4""",73,0.881162119594,73.2702338651,20,0,10,Ebj7911#,A1,rhythm_mi
99.2341043084,0.0522448979592,4,3,119,4,2,0.204285714286,"""4/4""",74,0.1798262973,65.585405337,20,0,10,Ebj7911#,A1,rhythm_mi
99.2965079365,0.169070294785,4,3,119,4,3,0.204285714286,"""4/4""",73,0.863798202829,71.3480216556,20,0,10,Ebj7911#,A1,rhythm_mi
99.4742857143,0.0326530612245,4,4,120,1,3,0.198163265306,"""4/4""",74,0.773022880702,70.8218935864,20,0,10,Ebj7911#,A1,rhythm_mi
99.5214512472,0.0783673469388,4,4,120,1,4,0.198163265306,"""4/4""",73,0.782459104367,71.7065997349,20,0,10,Ebj7911#,A1,rhythm_mi
99.6085260771,0.0500680272109,4,3,120,2,2,0.198231292517,"""4/4""",74,0.853182898028,71.9412841697,20,0,10,Ebj7911#,A1,rhythm_mi
99.6709297052,0.0696598639456,4,3,120,2,3,0.198231292517,"""4/4""",73,0.79380168384,71.7282695345,20,0,10,Ebj7911#,A1,rhythm_mi
99.7507482993,0.0420861678005,4,3,120,3,1,0.205941043084,"""4/4""",74,0.835367880897,72.4467755884,20,0,10,Ebj7911#,A1,rhythm_mi
99.8102494331,0.0638548752834,4,3,120,3,2,0.205941043084,"""4/4""",73,0.769697251791,69.8082195678,20,0,10,Ebj7911#,A1,rhythm_mi
99.8871655329,0.0834467120181,4,3,120,3,3,0.205941043084,"""4/4""",72,0.809909078319,72.221238445,20,0,10,Ebj7911#,A1,rhythm_mi
99.9814965986,0.0290249433107,4,4,120,4,1,0.216258503401,"""4/4""",73,0.418258678596,67.3845784237,20,0,10,Ebj7911#,A1,rhythm_mi
100.017777778,0.0754648526077,4,4,120,4,2,0.216258503401,"""4/4""",72,0.877405411473,72.1908743273,20,0,10,Ebj7911#,A1,rhythm_mi
100.096145125,0.0246712018141,4,4,120,4,3,0.216258503401,"""4/4""",73,0.290558553987,67.0617339858,20,0,10,Ebj7911#,A1,rhythm_mi
100.125895692,0.0885260770975,4,4,120,4,4,0.216258503401,"""4/4""",72,0.889290725775,73.7168897723,20,0,10,Ebj7911#,A1,rhythm_mi
100.219501134,0.0500680272109,4,4,121,1,2,0.21410430839,"""4/4""",73,0.806783750263,70.4130454998,20,0,11,Fsus7913,A1,rhythm_mi
100.276099773,0.0783673469388,4,4,121,1,3,0.21410430839,"""4/4""",72,0.878564707779,70.8859195707,20,0,11,Fsus7913,A1,rhythm_mi
100.358820862,0.0319274376417,4,4,121,1,4,0.21410430839,"""4/4""",73,0.510264635489,68.6277491028,20,0,11,Fsus7913,A1,rhythm_mi
100.395827664,0.163265306122,4,4,121,2,1,0.207800453515,"""4/4""",72,0.846036594182,72.7992910534,20,0,11,Fsus7913,A1,rhythm_mi
100.569977324,0.259047619048,4,4,121,2,4,0.207800453515,"""4/4""",74,0.968861473817,74.2203948708,20,0,11,Fsus7913,A1,~#24lick
100.833378685,0.0907029478458,4,1,121,4,1,0.219591836735,"""4/4""",67,0.56586110553,69.3207578721,20,0,11,Fsus7913,A1,~#24lick
101.0430839,0.842448979592,4,1,122,1,1,0.204807256236,"""4/4""",72,0.985989194697,74.4427653057,20,0,11,Fsus7913,A1,~#24lick
101.889160998,0.259047619048,4,1,123,1,1,0.193718820862,"""4/4""",74,1.02875628556,73.9109270837,20,0,11,Fsus7913,A1,~#24lick
102.148208617,0.322902494331,4,2,123,2,2,0.198866213152,"""4/4""",67,1.06576477398,72.6663231429,20,0,11,Fsus7913,A1,~#24lick
102.486349206,0.089977324263,4,1,123,4,1,0.1989569161,"""4/4""",72,0.917197452225,68.0163774125,20,0,11,Fsus7913,A1,~#24lick
102.707664399,0.137868480726,4,1,124,1,1,0.206825396825,"""4/4""",70,0.913084449539,72.2652210134,20,0,11,Gbsus7913,A1,~#24lick
102.915918367,0.584126984127,4,1,124,2,1,0.215260770975,"""4/4""",70,0.878809332632,73.0377193692,20,0,11,Gbsus7913,A1,~#24lick
103.508027211,0.0703854875283,4,2,125,1,1,0.208616780045,"""4/4""",68,0.845811607235,71.0892006353,20,0,11,Gbsus7913,A1,~line_w
103.591473923,0.0914285714286,4,2,125,1,2,0.208616780045,"""4/4""",69,0.764841969371,71.7259671873,20,0,11,Fsus7913,A1,~line_w
103.687981859,0.0544217687075,4,4,125,2,1,0.197369614512,"""4/4""",67,0.704296355373,71.5377119049,20,0,11,Fsus7913,A1,~line_w
103.774489796,0.0897959183673,4,4,125,2,2,0.197369614512,"""4/4""",65,0.90288736937,70.7897760076,20,0,11,Fsus7913,A1,~line_w
103.884693878,0.105102040816,4,4,125,2,4,0.197369614512,"""4/4""",63,0.551620121958,68.4377001442,20,0,11,Fsus7913,A1,~line_w
104.071428571,0.0969387755102,4,2,125,3,2,0.208979591837,"""4/4""",65,0.689111074062,69.1002031641,20,0,11,Fsus7913,A1,~line_w
104.2,0.0448979591837,4,3,125,4,2,0.208571428571,"""4/4""",68,0.241873111927,65.4091897166,20,0,11,Fsus7913,A1,~line_w
104.26122449,0.0275510204082,4,3,125,4,3,0.208571428571,"""4/4""",69,0.191663384352,66.1973968588,20,0,11,Fsus7913,A1,~line_w
104.306122449,0.0540816326531,4,3,126,1,1,0.224489795918,"""4/4""",68,0.362255524482,67.2023819669,20,0,11,Fsus7913,A1,~line_w
104.376598639,0.114285714286,4,3,126,1,2,0.224489795918,"""4/4""",67,0.396868360971,65.8222845887,20,0,11,Fsus7913,A1,~line_w
104.568888889,0.0936054421769,4,2,126,2,1,0.224489795918,"""4/4""",70,0.727734316957,71.977745006,20,0,11,Fsus7913,A1,~line_w
104.67047619,0.0892517006803,4,2,126,2,2,0.224489795918,"""4/4""",69,0.569328136986,69.5844517883,20,0,11,Fsus7913,A1,~line_w
104.767709751,0.0841723356009,4,4,126,3,1,0.237437641723,"""4/4""",68,0.597260631494,68.1835768576,20,0,11,Fsus7913,A1,~line_w
104.858412698,0.116825396825,4,4,126,3,2,0.237437641723,"""4/4""",67,0.56761515982,68.5078456671,20,0,11,Fsus7913,A1,~line_w
104.98031746,0.099410430839,4,4,126,3,4,0.237437641723,"""4/4""",65,0.921874150358,69.6196103503,20,0,11,Fsus7913,A1,~line_w
105.091337868,0.111746031746,4,2,126,4,2,0.213333333333,"""4/4""",63,0.437074151799,68.3033493258,20,0,11,Fsus7913,A1,~line_w
105.207437642,0.052970521542,4,3,127,1,1,0.208117913832,"""4/4""",62,0.0685007452425,63.6915723627,20,0,11,Fsus7913,A1,~line_w
105.277097506,0.121904761905,4,3,127,1,2,0.208117913832,"""4/4""",65,0.686303014445,69.1332358846,20,0,11,F7,A1,~line_w
105.412063492,0.0834467120181,4,2,127,2,1,0.194557823129,"""4/4""",61,0.105824132986,62.8223249489,20,0,11,F7,A1,~line_w
105.509297052,0.0573242630385,4,2,127,2,2,0.194557823129,"""4/4""",60,-0.442925696508,55.4311596906,20,0,11,F7,A1,~line_w
107.745668934,0.449160997732,4,2,130,1,2,0.198049886621,"""4/4""",74,1.07266257647,72.1110402316,21,1,11,Ebj7911#,A1,melody
108.202086168,0.400090702948,4,2,130,3,2,0.197619047619,"""4/4""",75,0.936686528413,72.9550845857,21,0,11,Ebj7911#,A1,melody
108.604671202,0.385623582766,4,2,131,1,2,0.194580498866,"""4/4""",76,0.879521659064,71.6394128417,21,0,11,Ebj7911#,A1,melody
108.99446712,1.37142857143,4,2,131,3,2,0.209047619048,"""4/4""",77,0.976931114685,70.7088219082,21,0,11,Ebj7911#,A1,melody
110.370249433,0.0827210884354,4,2,133,2,1,0.198866213152,"""4/4""",76,0.477760159277,67.9019967856,21,0,12,Fsus7913,A1,melody
110.461678005,0.104489795918,4,2,133,2,2,0.198866213152,"""4/4""",77,0.491401718647,67.495927909,21,0,12,Fsus7913,A1,melody
110.589387755,0.0565986394558,4,4,133,3,2,0.207868480726,"""4/4""",75,0.469237413238,68.7914316922,21,0,12,Fsus7913,A1,melody
110.651791383,0.0319274376417,4,4,133,3,3,0.207868480726,"""4/4""",74,0.395485085753,68.4198652107,21,0,12,Fsus7913,A1,melody
110.69968254,1.55283446712,4,4,133,3,4,0.207868480726,"""4/4""",75,0.361372052283,64.2694558244,21,0,12,Fsus7913,A1,melody
112.327256236,0.0631292517007,4,4,135,3,4,0.215918367347,"""4/4""",71,0.305826574843,63.6459056765,21,0,12,Fsus7913,A1,line_w
112.415782313,0.0957823129252,4,4,135,4,2,0.196326530612,"""4/4""",74,0.605536605798,68.4652247564,21,0,12,Fsus7913,A1,line_w
112.517369615,0.0362811791383,4,4,135,4,4,0.196326530612,"""4/4""",73,-0.138463572703,61.751418573,21,0,12,Fsus7913,A1,line_w
112.555102041,0.087074829932,4,2,136,1,1,0.198979591837,"""4/4""",71,0.516080240771,68.9797480017,21,0,12,Fsus7913,A1,line_w
112.648707483,0.0957823129252,4,2,136,1,2,0.198979591837,"""4/4""",72,0.5499026226,69.3189968165,21,0,12,Gbsus7913,A1,line_w
112.749569161,0.121904761905,4,4,136,2,1,0.213832199546,"""4/4""",70,0.506632200034,68.7328523128,21,0,12,Gbsus7913,A1,line_w
112.875827664,0.0384580498866,4,4,136,2,3,0.213832199546,"""4/4""",69,-0.0897242988252,62.9644971096,21,0,12,Gbsus7913,A1,line_w
112.917913832,0.118276643991,4,4,136,2,4,0.213832199546,"""4/4""",67,0.44959890329,67.3821801727,21,0,12,Gbsus7913,A1,line_w
113.043446712,0.101587301587,4,2,136,3,2,0.197732426304,"""4/4""",65,0.380548951747,65.0573475741,21,0,12,Gbsus7913,A1,line_w
113.159546485,0.0580498866213,4,3,136,4,1,0.198775510204,"""4/4""",64,0.707389807877,67.9440700867,21,0,12,Gbsus7913,A1,line_w
113.226303855,0.107392290249,4,3,136,4,2,0.198775510204,"""4/4""",63,0.427108416313,65.0743116851,21,0,12,Gbsus7913,A1,line_w
113.34893424,0.0732879818594,4,3,137,1,1,0.20387755102,"""4/4""",65,0.539090966237,67.7091395848,21,0,12,Gbsus7913,A1,line_w
113.440362812,0.0732879818594,4,3,137,1,2,0.20387755102,"""4/4""",67,0.161183587739,64.1876386179,21,0,12,Fsus7913,A1,line_w
113.5230839,0.0805442176871,4,3,137,1,3,0.20387755102,"""4/4""",69,0.0443332496098,61.5660366204,21,0,12,Fsus7913,A1,line_w
113.626848073,0.103038548753,4,4,137,2,2,0.198548752834,"""4/4""",70,0.65021320007,69.7899470867,21,0,12,Fsus7913,A1,line_w
113.737142857,0.0609523809524,4,4,137,2,4,0.198548752834,"""4/4""",68,0.290560296024,65.4084659446,21,0,12,Fsus7913,A1,line_w
113.836553288,0.0965079365079,4,4,137,3,2,0.208594104308,"""4/4""",70,0.656764843794,69.3334283954,21,0,12,Fsus7913,A1,line_w
113.941768707,0.0783673469388,4,4,137,3,4,0.208594104308,"""4/4""",69,0.461113238403,67.5142817845,21,0,12,Fsus7913,A1,line_w
114.036825397,0.0841723356009,4,4,137,4,2,0.194467120181,"""4/4""",68,0.314107966253,66.4103517062,21,0,12,Fsus7913,A1,line_w
114.137687075,0.0979591836735,4,4,137,4,4,0.194467120181,"""4/4""",67,0.506774915844,68.3075048868,21,0,12,Fsus7913,A1,line_w
114.247981859,0.0914285714286,4,2,138,1,2,0.188843537415,"""4/4""",65,0.585712337903,68.9815209653,21,0,12,Fsus7913,A1,line_w
114.361179138,0.087074829932,4,2,138,2,1,0.198140589569,"""4/4""",63,0.433540732402,66.1512857968,21,0,12,Fsus7913,A1,line_w
114.465668934,0.168344671202,4,2,138,2,2,0.198140589569,"""4/4""",61,0.422539678493,62.6963161388,21,0,12,Fsus7913,A1,line_w
114.697868481,0.0464399092971,4,2,138,3,2,0.198752834467,"""4/4""",60,0.10862056531,64.8376943539,21,0,12,Fsus7913,A1,line_w
114.747210884,0.089977324263,4,4,138,4,1,0.203673469388,"""4/4""",58,0.120169607546,64.4096991704,21,0,12,Fsus7913,A1,line_w
114.860408163,0.0609523809524,4,4,138,4,3,0.203673469388,"""4/4""",56,0.310632663502,65.886220303,21,0,12,Fsus7913,A1,line_w
114.935873016,0.0551473922902,4,4,138,4,4,0.203673469388,"""4/4""",58,0.175841950749,61.7424237598,21,0,12,Fsus7913,A1,line_w
115.022947846,0.168367346939,4,1,139,1,1,0.208684807256,"""4/4""",60,0.25988152446,64.6764448101,21,0,12,F7,A1,line_w
115.22244898,0.127551020408,4,1,139,2,1,0.188140589569,"""4/4""",67,0.807083992735,72.7068096988,21,0,12,F7,A1,line_w
115.359637188,0.105941043084,4,2,139,3,1,0.214353741497,"""4/4""",64,0.301792122554,65.8777673694,21,0,12,F7,A1,line_w
115.473560091,0.0769160997732,4,2,139,3,2,0.214353741497,"""4/4""",65,0.526390807607,68.3125388298,21,0,12,Eb7,A1,line_w
115.554104308,0.0950566893424,4,2,139,4,1,0.197823129252,"""4/4""",67,0.678769408491,68.8901879376,21,0,12,Eb7,A1,line_w
115.653877551,0.0957823129252,4,2,139,4,2,0.197823129252,"""4/4""",68,0.443984794733,68.39895752,21,0,12,Eb7,A1,line_w
115.752562358,0.0457142857143,4,4,140,1,1,0.199138321995,"""4/4""",69,0.430056176731,66.0714566018,21,0,12,Eb7,A1,line_w
115.803718821,0.150929705215,4,4,140,1,2,0.199138321995,"""4/4""",74,0.992848777671,71.7920281133,21,0,12,D79,A1,line_w
115.957959184,0.078820861678,4,2,140,2,1,0.198843537415,"""4/4""",71,0.604613091662,70.1774305983,21,0,12,D79,A1,line_w
116.043265306,0.088798185941,4,2,140,2,2,0.198843537415,"""4/4""",72,0.872324607609,71.3970880135,21,0,12,D79,A1,line_w
116.14553288,0.107256235828,4,4,140,3,1,0.20358276644,"""4/4""",70,0.702179279763,70.0440671902,21,0,12,D79,A1,line_w
116.268253968,0.0478911564626,4,4,140,3,3,0.20358276644,"""4/4""",67,0.0702712310754,63.8048900978,21,0,12,D79,A1,line_w
116.331609977,0.049387755102,4,4,140,3,4,0.20358276644,"""4/4""",68,0.142813119209,63.1923789004,21,0,12,D79,A1,line_w
116.400952381,0.136689342404,4,3,140,4,1,0.208684807256,"""4/4""",69,0.367795938546,67.001401516,21,0,12,D79,A1,line_w
116.543129252,0.0927891156463,4,3,140,4,3,0.208684807256,"""4/4""",70,0.428478035099,67.6488293922,21,0,12,D79,A1,line_w
116.641904762,0.0868027210884,4,4,141,1,2,0.193605442177,"""4/4""",69,0.559843224647,66.7663091611,21,0,12,Ebj7911#,A1,line_w
116.737687075,0.085306122449,4,4,141,1,4,0.193605442177,"""4/4""",67,0.431730937397,68.3484828563,21,0,12,Ebj7911#,A1,line_w
116.836462585,0.0992743764172,4,4,141,2,2,0.208639455782,"""4/4""",66,0.382668805287,63.7613596191,21,0,12,Ebj7911#,A1,line_w
116.954195011,0.112244897959,4,4,141,2,4,0.208639455782,"""4/4""",63,-0.303622838128,59.9839279982,21,0,12,Ebj7911#,A1,line_w
117.114829932,0.0603628117914,4,2,141,3,2,0.213492063492,"""4/4""",64,-0.31176733778,57.8066456695,21,0,12,Ebj7911#,A1,line_w
117.179501134,0.0391836734694,4,4,141,4,1,0.208571428571,"""4/4""",66,-0.0554884995345,60.7706326437,21,0,12,Ebj7911#,A1,line_w
117.226666667,0.114648526077,4,4,141,4,2,0.208571428571,"""4/4""",69,0.733880995576,69.5697920879,21,0,12,Ebj7911#,A1,line_w
117.350022676,0.0689342403628,4,4,141,4,4,0.208571428571,"""4/4""",66,0.464456574016,68.0862636753,21,0,12,Ebj7911#,A1,line_w
117.447981859,0.0711111111111,4,2,142,1,1,0.203424036281,"""4/4""",67,-0.056055815071,60.757459925,21,0,12,Ebj7911#,A1,line_w
117.539410431,0.12335600907,4,2,142,1,2,0.203424036281,"""4/4""",69,0.437512685986,63.0978885132,21,0,12,Ebj7911#,A1,line_w
117.669297052,0.0783673469388,4,3,142,2,2,0.208571428571,"""4/4""",70,0.830105276775,70.271747401,21,0,12,Ebj7911#,A1,line_w
117.753469388,0.0863492063492,4,3,142,2,3,0.208571428571,"""4/4""",72,0.638058358537,68.037247719,21,0,12,Ebj7911#,A1,line_w
117.846666667,0.0518820861678,4,3,142,3,1,0.208843537415,"""4/4""",74,0.747244584148,71.0564791114,21,0,12,Ebj7911#,A1,line_w
117.903537415,0.039410430839,4,3,142,3,2,0.208843537415,"""4/4""",72,0.84669088129,70.4460858055,21,0,12,Ebj7911#,A1,line_w
117.946439909,0.0643537414966,4,3,142,3,3,0.208843537415,"""4/4""",74,0.845554400222,70.4460858055,21,0,12,Ebj7911#,A1,line_w
118.778049887,0.134693877551,4,2,143,3,2,0.198684807256,"""4/4""",73,0.980450964195,73.28140974,22,1,12,Ebj7911#,A1,line_t_dlas
118.916734694,0.0848072562358,4,4,143,4,2,0.198526077098,"""4/4""",72,0.997903271461,71.7807453192,22,0,12,Ebj7911#,A1,line_t_dlas
119.00553288,0.103265306122,4,4,143,4,4,0.198526077098,"""4/4""",70,1.01686078653,73.5195810142,22,0,12,Ebj7911#,A1,line_t_dlas
119.114285714,0.0927891156463,4,4,144,1,2,0.204195011338,"""4/4""",69,0.739936174641,70.7318583985,22,0,12,Ebj7911#,A1,line_t_dlas
119.210566893,0.0833106575964,4,4,144,1,4,0.204195011338,"""4/4""",67,0.622377957802,69.563868162,22,0,12,Ebj7911#,A1,line_t_dlas
119.300861678,0.0997732426304,4,1,144,2,1,0.198231292517,"""4/4""",65,1.10895365181,74.4960251178,22,0,12,Ebj7911#,A1,line_t_dlas
119.424580499,0.0667573696145,4,2,144,3,1,0.20843537415,"""4/4""",61,0.375356026827,65.6124614625,22,0,12,Ebj7911#,A1,line_t_dlas
119.515283447,0.0885260770975,4,2,144,3,2,0.20843537415,"""4/4""",60,0.278254129143,64.4981778432,22,0,12,Ebj7911#,A1,line_t_dlas
119.634285714,0.0834467120181,4,2,144,4,1,0.194353741497,"""4/4""",58,0.275355926275,62.8581391842,22,0,12,Ebj7911#,A1,line_t_dlas
119.772879819,0.174149659864,4,2,144,4,2,0.194353741497,"""4/4""",61,-0.195228151437,59.6264411781,22,0,12,Ebj7911#,A1,line_t_dlas
120.017732426,0.0997732426304,4,2,145,2,1,0.208616780045,"""4/4""",65,1.31860398762,72.7221903115,22,0,12,Ebj7911#,I1,line_t_dlas
120.12399093,0.112244897959,4,2,145,2,2,0.208616780045,"""4/4""",67,1.15588805156,74.1955317777,22,0,12,Ebj7911#,I1,line_t_dlas
